/*
SQLyog Ultimate v9.62 
MySQL - 5.5.53 : Database - education_system
*********************************************************************
*/

/*!40101 SET NAMES utf8 */;

/*!40101 SET SQL_MODE=''*/;

/*!40014 SET @OLD_UNIQUE_CHECKS=@@UNIQUE_CHECKS, UNIQUE_CHECKS=0 */;
/*!40014 SET @OLD_FOREIGN_KEY_CHECKS=@@FOREIGN_KEY_CHECKS, FOREIGN_KEY_CHECKS=0 */;
/*!40101 SET @OLD_SQL_MODE=@@SQL_MODE, SQL_MODE='NO_AUTO_VALUE_ON_ZERO' */;
/*!40111 SET @OLD_SQL_NOTES=@@SQL_NOTES, SQL_NOTES=0 */;
CREATE DATABASE /*!32312 IF NOT EXISTS*/`education_system` /*!40100 DEFAULT CHARACTER SET utf8 */;

USE `education_system`;

/*Table structure for table `courses` */

DROP TABLE IF EXISTS `courses`;

CREATE TABLE `courses` (
  `cid` varchar(64) NOT NULL,
  `cname` varchar(64) NOT NULL,
  `tid` varchar(64) NOT NULL,
  `tname` varchar(64) NOT NULL
) ENGINE=InnoDB DEFAULT CHARSET=utf8;

/*Data for the table `courses` */

insert  into `courses`(`cid`,`cname`,`tid`,`tname`) values ('C001','High-level Language Programming','T017','Bonnie Raphael'),('C002','PjBL and Technological Innovation','T007','Zachary Nico(l)'),('C003','College English','T006','Merry Tout'),('C004','Calculus B(1)','T014','Letitia Wodehous'),('C005','Linear Algebra and Analytic Geometry','T013','Nydia Barrie'),('C006','Physical Education','T008','Levi Evans'),('C007','Set Theory and Graph Theory','T008','Levi Evans'),('C008','Calculus B(2)','T013','Nydia Barrie'),('C009','Situation and Policy','T020','Grace Daniel'),('C010','Compendium of Chinese Modern and Contemporary History','T019','Fitch Donne'),('C011','Algorithmic Design and Analysis','T008','Levi Evans'),('C012','Mathematical Logic','T017','Bonnie Raphael'),('C013','Probability and Statistics','T009','Shirley Sam'),('C014','College Physics Experiments B','T009','Shirley Sam'),('C015','Digital Logic Design','T010','Gale Holt'),('C016','Data Structures and Algorithms','T013','Nydia Barrie'),('C017','Biochemistry B','T009','Shirley Sam'),('C018','Computer System','T009','Shirley Sam'),('C019','Software Construction','T014','Letitia Wodehous'),('C020','Introduction to Information Security','T008','Levi Evans'),('C021','Formal Languages and Automata','T020','Grace Daniel'),('C022','Basic principles of Marxism','T012','Stephanie Grantham');

/*Table structure for table `scores` */

DROP TABLE IF EXISTS `scores`;

CREATE TABLE `scores` (
  `sid` varchar(64) DEFAULT NULL,
  `cid` varchar(64) DEFAULT NULL,
  `score` int(11) DEFAULT NULL,
  `sname` varchar(64) DEFAULT NULL,
  `cname` varchar(64) DEFAULT NULL
) ENGINE=InnoDB DEFAULT CHARSET=utf8;

/*Data for the table `scores` */

insert  into `scores`(`sid`,`cid`,`score`,`sname`,`cname`) values ('S021','C019',88,'Scott Lily','Software Construction'),('S021','C015',83,'Scott Lily','Digital Logic Design'),('S021','C020',99,'Scott Lily','Introduction to Information Security'),('S021','C016',95,'Scott Lily','Data Structures and Algorithms'),('S021','C010',70,'Scott Lily','Compendium of Chinese Modern and Contemporary History'),('S021','C018',62,'Scott Lily','Computer System'),('S021','C021',66,'Scott Lily','Formal Languages and Automata'),('S021','C014',65,'Scott Lily','College Physics Experiments B'),('S021','C012',74,'Scott Lily','Mathematical Logic'),('S021','C006',74,'Scott Lily','Physical Education'),('S021','C011',65,'Scott Lily','Algorithmic Design and Analysis'),('S021','C022',70,'Scott Lily','Basic principles of Marxism'),('S021','C005',71,'Scott Lily','Linear Algebra and Analytic Geometry'),('S021','C013',72,'Scott Lily','Probability and Statistics'),('S022','C016',62,'Barbara Woo','Data Structures and Algorithms'),('S022','C021',81,'Barbara Woo','Formal Languages and Automata'),('S022','C014',97,'Barbara Woo','College Physics Experiments B'),('S022','C022',100,'Barbara Woo','Basic principles of Marxism'),('S022','C001',98,'Barbara Woo','High-level Language Programming'),('S022','C018',78,'Barbara Woo','Computer System'),('S022','C007',73,'Barbara Woo','Set Theory and Graph Theory'),('S022','C010',91,'Barbara Woo','Compendium of Chinese Modern and Contemporary History'),('S022','C017',97,'Barbara Woo','Biochemistry B'),('S022','C005',72,'Barbara Woo','Linear Algebra and Analytic Geometry'),('S023','C005',67,'lfEllis Webb','Linear Algebra and Analytic Geometry'),('S023','C002',64,'lfEllis Webb','PjBL and Technological Innovation'),('S023','C022',76,'lfEllis Webb','Basic principles of Marxism'),('S023','C007',93,'lfEllis Webb','Set Theory and Graph Theory'),('S023','C014',96,'lfEllis Webb','College Physics Experiments B'),('S023','C012',81,'lfEllis Webb','Mathematical Logic'),('S023','C009',100,'lfEllis Webb','Situation and Policy'),('S023','C020',63,'lfEllis Webb','Introduction to Information Security'),('S023','C015',66,'lfEllis Webb','Digital Logic Design'),('S023','C019',84,'lfEllis Webb','Software Construction'),('S023','C001',61,'lfEllis Webb','High-level Language Programming'),('S023','C017',85,'lfEllis Webb','Biochemistry B'),('S024','C017',74,'Afra Malachi','Biochemistry B'),('S024','C015',93,'Afra Malachi','Digital Logic Design'),('S024','C008',60,'Afra Malachi','Calculus B(2)'),('S024','C010',82,'Afra Malachi','Compendium of Chinese Modern and Contemporary History'),('S024','C011',85,'Afra Malachi','Algorithmic Design and Analysis'),('S024','C019',97,'Afra Malachi','Software Construction'),('S024','C001',86,'Afra Malachi','High-level Language Programming'),('S024','C022',88,'Afra Malachi','Basic principles of Marxism'),('S024','C016',86,'Afra Malachi','Data Structures and Algorithms'),('S024','C009',78,'Afra Malachi','Situation and Policy'),('S024','C021',77,'Afra Malachi','Formal Languages and Automata'),('S024','C018',61,'Afra Malachi','Computer System'),('S024','C014',87,'Afra Malachi','College Physics Experiments B'),('S025','C017',66,'Elliot Bobby','Biochemistry B'),('S025','C014',80,'Elliot Bobby','College Physics Experiments B'),('S025','C002',75,'Elliot Bobby','PjBL and Technological Innovation'),('S025','C005',63,'Elliot Bobby','Linear Algebra and Analytic Geometry'),('S025','C020',80,'Elliot Bobby','Introduction to Information Security'),('S025','C013',88,'Elliot Bobby','Probability and Statistics'),('S025','C010',88,'Elliot Bobby','Compendium of Chinese Modern and Contemporary History'),('S025','C008',65,'Elliot Bobby','Calculus B(2)'),('S025','C018',90,'Elliot Bobby','Computer System'),('S025','C006',73,'Elliot Bobby','Physical Education'),('S026','C004',98,'Jane Dobbin','Calculus B(1)'),('S026','C019',97,'Jane Dobbin','Software Construction'),('S026','C006',60,'Jane Dobbin','Physical Education'),('S026','C022',62,'Jane Dobbin','Basic principles of Marxism'),('S026','C007',92,'Jane Dobbin','Set Theory and Graph Theory'),('S026','C020',81,'Jane Dobbin','Introduction to Information Security'),('S026','C011',82,'Jane Dobbin','Algorithmic Design and Analysis'),('S026','C012',78,'Jane Dobbin','Mathematical Logic'),('S026','C005',91,'Jane Dobbin','Linear Algebra and Analytic Geometry'),('S026','C009',95,'Jane Dobbin','Situation and Policy'),('S026','C008',100,'Jane Dobbin','Calculus B(2)'),('S026','C021',88,'Jane Dobbin','Formal Languages and Automata'),('S026','C013',97,'Jane Dobbin','Probability and Statistics'),('S027','C004',91,'Carl Whitman','Calculus B(1)'),('S027','C016',95,'Carl Whitman','Data Structures and Algorithms'),('S027','C022',73,'Carl Whitman','Basic principles of Marxism'),('S027','C018',66,'Carl Whitman','Computer System'),('S027','C002',98,'Carl Whitman','PjBL and Technological Innovation'),('S027','C019',98,'Carl Whitman','Software Construction'),('S027','C008',61,'Carl Whitman','Calculus B(2)'),('S027','C012',74,'Carl Whitman','Mathematical Logic'),('S027','C010',82,'Carl Whitman','Compendium of Chinese Modern and Contemporary History'),('S027','C007',78,'Carl Whitman','Set Theory and Graph Theory'),('S027','C011',94,'Carl Whitman','Algorithmic Design and Analysis'),('S027','C020',69,'Carl Whitman','Introduction to Information Security'),('S028','C010',96,'Moira Kingsley','Compendium of Chinese Modern and Contemporary History'),('S028','C016',75,'Moira Kingsley','Data Structures and Algorithms'),('S028','C005',60,'Moira Kingsley','Linear Algebra and Analytic Geometry'),('S028','C019',86,'Moira Kingsley','Software Construction'),('S028','C007',92,'Moira Kingsley','Set Theory and Graph Theory'),('S028','C021',83,'Moira Kingsley','Formal Languages and Automata'),('S028','C017',72,'Moira Kingsley','Biochemistry B'),('S028','C008',75,'Moira Kingsley','Calculus B(2)'),('S028','C013',61,'Moira Kingsley','Probability and Statistics'),('S028','C001',77,'Moira Kingsley','High-level Language Programming'),('S028','C022',77,'Moira Kingsley','Basic principles of Marxism'),('S029','C017',86,'Beau Dunbar','Biochemistry B'),('S029','C015',73,'Beau Dunbar','Digital Logic Design'),('S029','C020',77,'Beau Dunbar','Introduction to Information Security'),('S029','C012',78,'Beau Dunbar','Mathematical Logic'),('S029','C007',62,'Beau Dunbar','Set Theory and Graph Theory'),('S029','C005',96,'Beau Dunbar','Linear Algebra and Analytic Geometry'),('S029','C014',89,'Beau Dunbar','College Physics Experiments B'),('S029','C004',66,'Beau Dunbar','Calculus B(1)'),('S029','C018',98,'Beau Dunbar','Computer System'),('S029','C006',78,'Beau Dunbar','Physical Education'),('S029','C009',79,'Beau Dunbar','Situation and Policy'),('S030','C013',80,'Augustine Eliot','Probability and Statistics'),('S030','C017',72,'Augustine Eliot','Biochemistry B'),('S030','C019',97,'Augustine Eliot','Software Construction'),('S030','C020',94,'Augustine Eliot','Introduction to Information Security'),('S030','C008',63,'Augustine Eliot','Calculus B(2)'),('S030','C005',98,'Augustine Eliot','Linear Algebra and Analytic Geometry'),('S030','C007',78,'Augustine Eliot','Set Theory and Graph Theory'),('S030','C015',63,'Augustine Eliot','Digital Logic Design'),('S030','C009',78,'Augustine Eliot','Situation and Policy'),('S030','C001',61,'Augustine Eliot','High-level Language Programming'),('S030','C011',69,'Augustine Eliot','Algorithmic Design and Analysis'),('S030','C014',87,'Augustine Eliot','College Physics Experiments B'),('S031','C003',67,'Channing Finger','College English'),('S031','C018',94,'Channing Finger','Computer System'),('S031','C015',86,'Channing Finger','Digital Logic Design'),('S031','C010',99,'Channing Finger','Compendium of Chinese Modern and Contemporary History'),('S031','C006',91,'Channing Finger','Physical Education'),('S031','C021',92,'Channing Finger','Formal Languages and Automata'),('S031','C002',64,'Channing Finger','PjBL and Technological Innovation'),('S031','C014',69,'Channing Finger','College Physics Experiments B'),('S031','C016',62,'Channing Finger','Data Structures and Algorithms'),('S031','C011',84,'Channing Finger','Algorithmic Design and Analysis'),('S031','C017',78,'Channing Finger','Biochemistry B'),('S032','C011',87,'Caesar Rob','Algorithmic Design and Analysis'),('S032','C016',60,'Caesar Rob','Data Structures and Algorithms'),('S032','C002',68,'Caesar Rob','PjBL and Technological Innovation'),('S032','C008',77,'Caesar Rob','Calculus B(2)'),('S032','C003',99,'Caesar Rob','College English'),('S032','C018',82,'Caesar Rob','Computer System'),('S032','C021',98,'Caesar Rob','Formal Languages and Automata'),('S032','C013',61,'Caesar Rob','Probability and Statistics'),('S032','C020',71,'Caesar Rob','Introduction to Information Security'),('S032','C014',76,'Caesar Rob','College Physics Experiments B'),('S032','C022',82,'Caesar Rob','Basic principles of Marxism'),('S032','C007',96,'Caesar Rob','Set Theory and Graph Theory'),('S033','C020',97,'Oliver Robbins','Introduction to Information Security'),('S033','C008',77,'Oliver Robbins','Calculus B(2)'),('S033','C022',89,'Oliver Robbins','Basic principles of Marxism'),('S033','C016',62,'Oliver Robbins','Data Structures and Algorithms'),('S033','C010',87,'Oliver Robbins','Compendium of Chinese Modern and Contemporary History'),('S033','C001',96,'Oliver Robbins','High-level Language Programming'),('S033','C005',68,'Oliver Robbins','Linear Algebra and Analytic Geometry'),('S033','C012',69,'Oliver Robbins','Mathematical Logic'),('S033','C019',73,'Oliver Robbins','Software Construction'),('S033','C015',67,'Oliver Robbins','Digital Logic Design'),('S033','C007',77,'Oliver Robbins','Set Theory and Graph Theory'),('S033','C003',64,'Oliver Robbins','College English'),('S034','C016',77,'Spring Addison','Data Structures and Algorithms'),('S034','C020',70,'Spring Addison','Introduction to Information Security'),('S034','C007',63,'Spring Addison','Set Theory and Graph Theory'),('S034','C004',96,'Spring Addison','Calculus B(1)'),('S034','C012',62,'Spring Addison','Mathematical Logic'),('S034','C002',95,'Spring Addison','PjBL and Technological Innovation'),('S034','C001',66,'Spring Addison','High-level Language Programming'),('S034','C006',61,'Spring Addison','Physical Education'),('S034','C008',84,'Spring Addison','Calculus B(2)'),('S034','C015',72,'Spring Addison','Digital Logic Design'),('S034','C014',74,'Spring Addison','College Physics Experiments B'),('S034','C018',71,'Spring Addison','Computer System'),('S034','C019',61,'Spring Addison','Software Construction'),('S034','C009',91,'Spring Addison','Situation and Policy'),('S035','C011',89,'Hermosa Snow','Algorithmic Design and Analysis'),('S035','C006',75,'Hermosa Snow','Physical Education'),('S035','C007',65,'Hermosa Snow','Set Theory and Graph Theory'),('S035','C014',77,'Hermosa Snow','College Physics Experiments B'),('S035','C002',70,'Hermosa Snow','PjBL and Technological Innovation'),('S035','C003',99,'Hermosa Snow','College English'),('S035','C005',81,'Hermosa Snow','Linear Algebra and Analytic Geometry'),('S035','C009',91,'Hermosa Snow','Situation and Policy'),('S035','C004',76,'Hermosa Snow','Calculus B(1)'),('S035','C022',74,'Hermosa Snow','Basic principles of Marxism'),('S035','C017',86,'Hermosa Snow','Biochemistry B'),('S035','C021',62,'Hermosa Snow','Formal Languages and Automata'),('S035','C008',76,'Hermosa Snow','Calculus B(2)'),('S036','C022',60,'Bernard Malachi','Basic principles of Marxism'),('S036','C013',72,'Bernard Malachi','Probability and Statistics'),('S036','C002',71,'Bernard Malachi','PjBL and Technological Innovation'),('S036','C014',87,'Bernard Malachi','College Physics Experiments B'),('S036','C008',97,'Bernard Malachi','Calculus B(2)'),('S036','C016',93,'Bernard Malachi','Data Structures and Algorithms'),('S036','C020',97,'Bernard Malachi','Introduction to Information Security'),('S036','C005',73,'Bernard Malachi','Linear Algebra and Analytic Geometry'),('S036','C006',69,'Bernard Malachi','Physical Education'),('S037','C012',69,'Kimberley Smith','Mathematical Logic'),('S037','C011',80,'Kimberley Smith','Algorithmic Design and Analysis'),('S037','C003',90,'Kimberley Smith','College English'),('S037','C018',86,'Kimberley Smith','Computer System'),('S037','C015',68,'Kimberley Smith','Digital Logic Design'),('S037','C006',86,'Kimberley Smith','Physical Education'),('S037','C008',89,'Kimberley Smith','Calculus B(2)'),('S037','C007',72,'Kimberley Smith','Set Theory and Graph Theory'),('S037','C019',86,'Kimberley Smith','Software Construction'),('S037','C014',75,'Kimberley Smith','College Physics Experiments B'),('S037','C004',78,'Kimberley Smith','Calculus B(1)'),('S037','C021',91,'Kimberley Smith','Formal Languages and Automata'),('S037','C020',65,'Kimberley Smith','Introduction to Information Security'),('S037','C013',77,'Kimberley Smith','Probability and Statistics'),('S037','C022',68,'Kimberley Smith','Basic principles of Marxism'),('S038','C006',96,'Albert Jack','Physical Education'),('S038','C020',94,'Albert Jack','Introduction to Information Security'),('S038','C012',83,'Albert Jack','Mathematical Logic'),('S038','C008',71,'Albert Jack','Calculus B(2)'),('S038','C022',77,'Albert Jack','Basic principles of Marxism'),('S038','C009',81,'Albert Jack','Situation and Policy'),('S038','C004',86,'Albert Jack','Calculus B(1)'),('S038','C019',91,'Albert Jack','Software Construction'),('S038','C017',94,'Albert Jack','Biochemistry B'),('S038','C013',92,'Albert Jack','Probability and Statistics'),('S038','C010',90,'Albert Jack','Compendium of Chinese Modern and Contemporary History'),('S039','C018',66,'Benjamin Sandy','Computer System'),('S039','C010',87,'Benjamin Sandy','Compendium of Chinese Modern and Contemporary History'),('S039','C008',91,'Benjamin Sandy','Calculus B(2)'),('S039','C020',99,'Benjamin Sandy','Introduction to Information Security'),('S039','C017',90,'Benjamin Sandy','Biochemistry B'),('S039','C003',62,'Benjamin Sandy','College English'),('S039','C001',72,'Benjamin Sandy','High-level Language Programming'),('S039','C013',69,'Benjamin Sandy','Probability and Statistics'),('S039','C004',90,'Benjamin Sandy','Calculus B(1)'),('S039','C016',70,'Benjamin Sandy','Data Structures and Algorithms'),('S039','C022',80,'Benjamin Sandy','Basic principles of Marxism'),('S039','C015',85,'Benjamin Sandy','Digital Logic Design'),('S040','C002',72,'Kerr Sapir','PjBL and Technological Innovation'),('S040','C011',66,'Kerr Sapir','Algorithmic Design and Analysis'),('S040','C010',66,'Kerr Sapir','Compendium of Chinese Modern and Contemporary History'),('S040','C019',67,'Kerr Sapir','Software Construction'),('S040','C006',66,'Kerr Sapir','Physical Education'),('S040','C015',89,'Kerr Sapir','Digital Logic Design'),('S040','C007',75,'Kerr Sapir','Set Theory and Graph Theory'),('S040','C009',98,'Kerr Sapir','Situation and Policy'),('S040','C001',61,'Kerr Sapir','High-level Language Programming'),('S040','C017',95,'Kerr Sapir','Biochemistry B'),('S040','C008',85,'Kerr Sapir','Calculus B(2)'),('S040','C012',95,'Kerr Sapir','Mathematical Logic'),('S040','C020',77,'Kerr Sapir','Introduction to Information Security'),('S041','C005',88,'Ken Stephens','Linear Algebra and Analytic Geometry'),('S041','C009',69,'Ken Stephens','Situation and Policy'),('S041','C008',95,'Ken Stephens','Calculus B(2)'),('S041','C012',97,'Ken Stephens','Mathematical Logic'),('S041','C018',62,'Ken Stephens','Computer System'),('S041','C016',96,'Ken Stephens','Data Structures and Algorithms'),('S041','C006',72,'Ken Stephens','Physical Education'),('S041','C014',91,'Ken Stephens','College Physics Experiments B'),('S041','C010',94,'Ken Stephens','Compendium of Chinese Modern and Contemporary History'),('S041','C011',60,'Ken Stephens','Algorithmic Design and Analysis'),('S041','C004',81,'Ken Stephens','Calculus B(1)'),('S041','C022',89,'Ken Stephens','Basic principles of Marxism'),('S041','C013',98,'Ken Stephens','Probability and Statistics'),('S041','C020',84,'Ken Stephens','Introduction to Information Security'),('S042','C012',89,'Porter Henry','Mathematical Logic'),('S042','C011',71,'Porter Henry','Algorithmic Design and Analysis'),('S042','C004',87,'Porter Henry','Calculus B(1)'),('S042','C003',66,'Porter Henry','College English'),('S042','C013',60,'Porter Henry','Probability and Statistics'),('S042','C010',78,'Porter Henry','Compendium of Chinese Modern and Contemporary History'),('S042','C005',70,'Porter Henry','Linear Algebra and Analytic Geometry'),('S042','C002',60,'Porter Henry','PjBL and Technological Innovation'),('S042','C007',76,'Porter Henry','Set Theory and Graph Theory'),('S042','C020',68,'Porter Henry','Introduction to Information Security'),('S042','C021',72,'Porter Henry','Formal Languages and Automata'),('S042','C019',78,'Porter Henry','Software Construction'),('S043','C011',86,'Ruth Alice','Algorithmic Design and Analysis'),('S043','C002',90,'Ruth Alice','PjBL and Technological Innovation'),('S043','C019',97,'Ruth Alice','Software Construction'),('S043','C009',85,'Ruth Alice','Situation and Policy'),('S043','C007',79,'Ruth Alice','Set Theory and Graph Theory'),('S043','C016',70,'Ruth Alice','Data Structures and Algorithms'),('S043','C020',76,'Ruth Alice','Introduction to Information Security'),('S043','C017',88,'Ruth Alice','Biochemistry B'),('S043','C004',66,'Ruth Alice','Calculus B(1)'),('S043','C006',84,'Ruth Alice','Physical Education'),('S043','C015',74,'Ruth Alice','Digital Logic Design'),('S043','C003',62,'Ruth Alice','College English'),('S043','C022',90,'Ruth Alice','Basic principles of Marxism'),('S044','C012',83,'Barbara Roy','Mathematical Logic'),('S044','C001',61,'Barbara Roy','High-level Language Programming'),('S044','C011',63,'Barbara Roy','Algorithmic Design and Analysis'),('S044','C015',66,'Barbara Roy','Digital Logic Design'),('S044','C004',90,'Barbara Roy','Calculus B(1)'),('S044','C007',86,'Barbara Roy','Set Theory and Graph Theory'),('S044','C006',82,'Barbara Roy','Physical Education'),('S044','C003',83,'Barbara Roy','College English'),('S044','C009',82,'Barbara Roy','Situation and Policy'),('S044','C013',91,'Barbara Roy','Probability and Statistics'),('S044','C020',67,'Barbara Roy','Introduction to Information Security'),('S044','C002',79,'Barbara Roy','PjBL and Technological Innovation'),('S044','C008',87,'Barbara Roy','Calculus B(2)'),('S044','C018',80,'Barbara Roy','Computer System'),('S045','C003',76,'Ed Bartlett','College English'),('S045','C005',60,'Ed Bartlett','Linear Algebra and Analytic Geometry'),('S045','C002',80,'Ed Bartlett','PjBL and Technological Innovation'),('S045','C010',61,'Ed Bartlett','Compendium of Chinese Modern and Contemporary History'),('S045','C004',65,'Ed Bartlett','Calculus B(1)'),('S045','C018',86,'Ed Bartlett','Computer System'),('S045','C022',86,'Ed Bartlett','Basic principles of Marxism'),('S045','C008',66,'Ed Bartlett','Calculus B(2)'),('S045','C019',95,'Ed Bartlett','Software Construction'),('S045','C009',73,'Ed Bartlett','Situation and Policy'),('S045','C017',82,'Ed Bartlett','Biochemistry B'),('S045','C020',84,'Ed Bartlett','Introduction to Information Security'),('S045','C001',91,'Ed Bartlett','High-level Language Programming'),('S045','C021',81,'Ed Bartlett','Formal Languages and Automata'),('S046','C009',81,'Tyler Kennedy','Situation and Policy'),('S046','C002',97,'Tyler Kennedy','PjBL and Technological Innovation'),('S046','C013',82,'Tyler Kennedy','Probability and Statistics'),('S046','C001',95,'Tyler Kennedy','High-level Language Programming'),('S046','C016',100,'Tyler Kennedy','Data Structures and Algorithms'),('S046','C004',81,'Tyler Kennedy','Calculus B(1)'),('S046','C012',82,'Tyler Kennedy','Mathematical Logic'),('S046','C022',84,'Tyler Kennedy','Basic principles of Marxism'),('S046','C017',66,'Tyler Kennedy','Biochemistry B'),('S046','C020',98,'Tyler Kennedy','Introduction to Information Security'),('S046','C015',99,'Tyler Kennedy','Digital Logic Design'),('S046','C008',86,'Tyler Kennedy','Calculus B(2)'),('S046','C021',89,'Tyler Kennedy','Formal Languages and Automata'),('S047','C009',84,'Bradley Mac','Situation and Policy'),('S047','C020',75,'Bradley Mac','Introduction to Information Security'),('S047','C015',94,'Bradley Mac','Digital Logic Design'),('S047','C002',87,'Bradley Mac','PjBL and Technological Innovation'),('S047','C004',67,'Bradley Mac','Calculus B(1)'),('S047','C018',77,'Bradley Mac','Computer System'),('S047','C013',94,'Bradley Mac','Probability and Statistics'),('S047','C022',66,'Bradley Mac','Basic principles of Marxism'),('S047','C001',75,'Bradley Mac','High-level Language Programming'),('S047','C017',72,'Bradley Mac','Biochemistry B'),('S047','C005',81,'Bradley Mac','Linear Algebra and Analytic Geometry'),('S047','C019',69,'Bradley Mac','Software Construction'),('S047','C006',62,'Bradley Mac','Physical Education'),('S047','C010',85,'Bradley Mac','Compendium of Chinese Modern and Contemporary History'),('S048','C001',100,'Millan','High-level Language Programming'),('S048','C017',71,'Millan','Biochemistry B'),('S048','C022',69,'Millan','Basic principles of Marxism'),('S048','C019',68,'Millan','Software Construction'),('S048','C018',81,'Millan','Computer System'),('S048','C005',66,'Millan','Linear Algebra and Analytic Geometry'),('S048','C013',83,'Millan','Probability and Statistics'),('S048','C010',62,'Millan','Compendium of Chinese Modern and Contemporary History'),('S048','C002',78,'Millan','PjBL and Technological Innovation'),('S048','C011',73,'Millan','Algorithmic Design and Analysis'),('S048','C004',98,'Millan','Calculus B(1)'),('S048','C012',60,'Millan','Mathematical Logic'),('S048','C009',63,'Millan','Situation and Policy'),('S048','C008',79,'Millan','Calculus B(2)'),('S049','C019',67,'Gabriel Philemon','Software Construction'),('S049','C009',78,'Gabriel Philemon','Situation and Policy'),('S049','C017',81,'Gabriel Philemon','Biochemistry B'),('S049','C021',80,'Gabriel Philemon','Formal Languages and Automata'),('S049','C002',78,'Gabriel Philemon','PjBL and Technological Innovation'),('S049','C012',95,'Gabriel Philemon','Mathematical Logic'),('S049','C004',81,'Gabriel Philemon','Calculus B(1)'),('S049','C003',70,'Gabriel Philemon','College English'),('S049','C016',95,'Gabriel Philemon','Data Structures and Algorithms'),('S049','C006',64,'Gabriel Philemon','Physical Education'),('S050','C005',99,'Harley Cumberland','Linear Algebra and Analytic Geometry'),('S050','C003',80,'Harley Cumberland','College English'),('S050','C017',87,'Harley Cumberland','Biochemistry B'),('S050','C014',87,'Harley Cumberland','College Physics Experiments B'),('S050','C009',62,'Harley Cumberland','Situation and Policy'),('S050','C010',85,'Harley Cumberland','Compendium of Chinese Modern and Contemporary History'),('S050','C021',74,'Harley Cumberland','Formal Languages and Automata'),('S050','C018',76,'Harley Cumberland','Computer System'),('S050','C016',80,'Harley Cumberland','Data Structures and Algorithms'),('S050','C019',67,'Harley Cumberland','Software Construction'),('S050','C013',88,'Harley Cumberland','Probability and Statistics'),('S050','C008',84,'Harley Cumberland','Calculus B(2)'),('S051','C020',98,'Isidore Becher','Introduction to Information Security'),('S051','C018',87,'Isidore Becher','Computer System'),('S051','C011',61,'Isidore Becher','Algorithmic Design and Analysis'),('S051','C009',100,'Isidore Becher','Situation and Policy'),('S051','C019',65,'Isidore Becher','Software Construction'),('S051','C014',99,'Isidore Becher','College Physics Experiments B'),('S051','C003',71,'Isidore Becher','College English'),('S051','C017',75,'Isidore Becher','Biochemistry B'),('S051','C004',70,'Isidore Becher','Calculus B(1)'),('S051','C002',69,'Isidore Becher','PjBL and Technological Innovation'),('S051','C016',73,'Isidore Becher','Data Structures and Algorithms'),('S051','C015',77,'Isidore Becher','Digital Logic Design'),('S051','C010',85,'Isidore Becher','Compendium of Chinese Modern and Contemporary History'),('S052','C013',82,'Sherry Lloyd','Probability and Statistics'),('S052','C005',61,'Sherry Lloyd','Linear Algebra and Analytic Geometry'),('S052','C021',94,'Sherry Lloyd','Formal Languages and Automata'),('S052','C016',61,'Sherry Lloyd','Data Structures and Algorithms'),('S052','C009',91,'Sherry Lloyd','Situation and Policy'),('S052','C017',89,'Sherry Lloyd','Biochemistry B'),('S052','C004',84,'Sherry Lloyd','Calculus B(1)'),('S052','C014',85,'Sherry Lloyd','College Physics Experiments B'),('S052','C003',90,'Sherry Lloyd','College English'),('S052','C006',68,'Sherry Lloyd','Physical Education'),('S052','C010',62,'Sherry Lloyd','Compendium of Chinese Modern and Contemporary History'),('S052','C020',85,'Sherry Lloyd','Introduction to Information Security'),('S052','C007',75,'Sherry Lloyd','Set Theory and Graph Theory'),('S052','C012',98,'Sherry Lloyd','Mathematical Logic'),('S053','C020',82,'Brook Crofts','Introduction to Information Security'),('S053','C006',91,'Brook Crofts','Physical Education'),('S053','C005',60,'Brook Crofts','Linear Algebra and Analytic Geometry'),('S053','C008',65,'Brook Crofts','Calculus B(2)'),('S053','C013',94,'Brook Crofts','Probability and Statistics'),('S053','C014',100,'Brook Crofts','College Physics Experiments B'),('S053','C007',75,'Brook Crofts','Set Theory and Graph Theory'),('S053','C002',61,'Brook Crofts','PjBL and Technological Innovation'),('S053','C009',87,'Brook Crofts','Situation and Policy'),('S053','C022',74,'Brook Crofts','Basic principles of Marxism'),('S053','C021',88,'Brook Crofts','Formal Languages and Automata'),('S053','C012',92,'Brook Crofts','Mathematical Logic'),('S054','C019',94,'Lee Sara(h)','Software Construction'),('S054','C008',66,'Lee Sara(h)','Calculus B(2)'),('S054','C012',61,'Lee Sara(h)','Mathematical Logic'),('S054','C003',66,'Lee Sara(h)','College English'),('S054','C005',79,'Lee Sara(h)','Linear Algebra and Analytic Geometry'),('S054','C022',84,'Lee Sara(h)','Basic principles of Marxism'),('S054','C020',97,'Lee Sara(h)','Introduction to Information Security'),('S054','C010',84,'Lee Sara(h)','Compendium of Chinese Modern and Contemporary History'),('S054','C011',69,'Lee Sara(h)','Algorithmic Design and Analysis'),('S054','C007',65,'Lee Sara(h)','Set Theory and Graph Theory'),('S054','C015',60,'Lee Sara(h)','Digital Logic Design'),('S054','C016',60,'Lee Sara(h)','Data Structures and Algorithms'),('S054','C013',83,'Lee Sara(h)','Probability and Statistics'),('S054','C021',65,'Lee Sara(h)','Formal Languages and Automata'),('S055','C021',78,'Hamiltion Horace','Formal Languages and Automata'),('S055','C019',96,'Hamiltion Horace','Software Construction'),('S055','C006',66,'Hamiltion Horace','Physical Education'),('S055','C007',69,'Hamiltion Horace','Set Theory and Graph Theory'),('S055','C022',75,'Hamiltion Horace','Basic principles of Marxism'),('S055','C004',78,'Hamiltion Horace','Calculus B(1)'),('S055','C012',77,'Hamiltion Horace','Mathematical Logic'),('S055','C018',62,'Hamiltion Horace','Computer System'),('S055','C013',60,'Hamiltion Horace','Probability and Statistics'),('S055','C020',71,'Hamiltion Horace','Introduction to Information Security'),('S055','C015',74,'Hamiltion Horace','Digital Logic Design'),('S055','C010',90,'Hamiltion Horace','Compendium of Chinese Modern and Contemporary History'),('S056','C003',81,'Roberta Lyly','College English'),('S056','C018',61,'Roberta Lyly','Computer System'),('S056','C005',93,'Roberta Lyly','Linear Algebra and Analytic Geometry'),('S056','C001',72,'Roberta Lyly','High-level Language Programming'),('S056','C009',66,'Roberta Lyly','Situation and Policy'),('S056','C006',98,'Roberta Lyly','Physical Education'),('S056','C008',61,'Roberta Lyly','Calculus B(2)'),('S056','C015',73,'Roberta Lyly','Digital Logic Design'),('S056','C004',79,'Roberta Lyly','Calculus B(1)'),('S056','C021',93,'Roberta Lyly','Formal Languages and Automata'),('S056','C022',86,'Roberta Lyly','Basic principles of Marxism'),('S056','C020',80,'Roberta Lyly','Introduction to Information Security'),('S057','C020',62,'Genevieve Leigh','Introduction to Information Security'),('S057','C005',72,'Genevieve Leigh','Linear Algebra and Analytic Geometry'),('S057','C015',68,'Genevieve Leigh','Digital Logic Design'),('S057','C014',67,'Genevieve Leigh','College Physics Experiments B'),('S057','C016',69,'Genevieve Leigh','Data Structures and Algorithms'),('S057','C019',81,'Genevieve Leigh','Software Construction'),('S057','C009',89,'Genevieve Leigh','Situation and Policy'),('S057','C018',87,'Genevieve Leigh','Computer System'),('S057','C002',97,'Genevieve Leigh','PjBL and Technological Innovation'),('S057','C003',84,'Genevieve Leigh','College English'),('S057','C010',83,'Genevieve Leigh','Compendium of Chinese Modern and Contemporary History'),('S057','C006',73,'Genevieve Leigh','Physical Education'),('S057','C011',70,'Genevieve Leigh','Algorithmic Design and Analysis'),('S057','C017',79,'Genevieve Leigh','Biochemistry B'),('S058','C007',84,'Pag Nelson','Set Theory and Graph Theory'),('S058','C003',77,'Pag Nelson','College English'),('S058','C019',67,'Pag Nelson','Software Construction'),('S058','C016',87,'Pag Nelson','Data Structures and Algorithms'),('S058','C010',70,'Pag Nelson','Compendium of Chinese Modern and Contemporary History'),('S058','C015',70,'Pag Nelson','Digital Logic Design'),('S058','C020',66,'Pag Nelson','Introduction to Information Security'),('S058','C002',72,'Pag Nelson','PjBL and Technological Innovation'),('S058','C001',92,'Pag Nelson','High-level Language Programming'),('S058','C006',80,'Pag Nelson','Physical Education'),('S058','C022',97,'Pag Nelson','Basic principles of Marxism'),('S058','C005',60,'Pag Nelson','Linear Algebra and Analytic Geometry'),('S058','C021',93,'Pag Nelson','Formal Languages and Automata'),('S058','C009',86,'Pag Nelson','Situation and Policy'),('S059','C014',99,'Clyde Bess','College Physics Experiments B'),('S059','C003',97,'Clyde Bess','College English'),('S059','C017',85,'Clyde Bess','Biochemistry B'),('S059','C018',94,'Clyde Bess','Computer System'),('S059','C007',92,'Clyde Bess','Set Theory and Graph Theory'),('S059','C005',97,'Clyde Bess','Linear Algebra and Analytic Geometry'),('S059','C011',81,'Clyde Bess','Algorithmic Design and Analysis'),('S059','C021',87,'Clyde Bess','Formal Languages and Automata'),('S059','C022',67,'Clyde Bess','Basic principles of Marxism'),('S059','C016',93,'Clyde Bess','Data Structures and Algorithms'),('S059','C010',84,'Clyde Bess','Compendium of Chinese Modern and Contemporary History'),('S060','C019',84,'Daphne Juliana','Software Construction'),('S060','C018',89,'Daphne Juliana','Computer System'),('S060','C010',93,'Daphne Juliana','Compendium of Chinese Modern and Contemporary History'),('S060','C005',93,'Daphne Juliana','Linear Algebra and Analytic Geometry'),('S060','C011',83,'Daphne Juliana','Algorithmic Design and Analysis'),('S060','C013',100,'Daphne Juliana','Probability and Statistics'),('S060','C017',60,'Daphne Juliana','Biochemistry B'),('S060','C022',89,'Daphne Juliana','Basic principles of Marxism'),('S060','C008',78,'Daphne Juliana','Calculus B(2)'),('S060','C007',71,'Daphne Juliana','Set Theory and Graph Theory'),('S060','C012',82,'Daphne Juliana','Mathematical Logic'),('S060','C006',74,'Daphne Juliana','Physical Education'),('S060','C015',85,'Daphne Juliana','Digital Logic Design'),('S060','C014',77,'Daphne Juliana','College Physics Experiments B'),('S060','C002',85,'Daphne Juliana','PjBL and Technological Innovation'),('S061','C011',88,'Darren Harry','Algorithmic Design and Analysis'),('S061','C015',66,'Darren Harry','Digital Logic Design'),('S061','C022',94,'Darren Harry','Basic principles of Marxism'),('S061','C005',89,'Darren Harry','Linear Algebra and Analytic Geometry'),('S061','C018',88,'Darren Harry','Computer System'),('S061','C012',75,'Darren Harry','Mathematical Logic'),('S061','C020',69,'Darren Harry','Introduction to Information Security'),('S061','C009',97,'Darren Harry','Situation and Policy'),('S061','C010',66,'Darren Harry','Compendium of Chinese Modern and Contemporary History'),('S061','C019',83,'Darren Harry','Software Construction'),('S061','C021',65,'Darren Harry','Formal Languages and Automata'),('S061','C002',69,'Darren Harry','PjBL and Technological Innovation'),('S061','C007',76,'Darren Harry','Set Theory and Graph Theory'),('S062','C012',74,'Jeffrey Dick','Mathematical Logic'),('S062','C010',87,'Jeffrey Dick','Compendium of Chinese Modern and Contemporary History'),('S062','C006',76,'Jeffrey Dick','Physical Education'),('S062','C021',62,'Jeffrey Dick','Formal Languages and Automata'),('S062','C005',79,'Jeffrey Dick','Linear Algebra and Analytic Geometry'),('S062','C013',87,'Jeffrey Dick','Probability and Statistics'),('S062','C011',65,'Jeffrey Dick','Algorithmic Design and Analysis'),('S062','C018',76,'Jeffrey Dick','Computer System'),('S062','C019',67,'Jeffrey Dick','Software Construction'),('S062','C003',91,'Jeffrey Dick','College English'),('S062','C020',96,'Jeffrey Dick','Introduction to Information Security'),('S062','C008',74,'Jeffrey Dick','Calculus B(2)'),('S063','C022',87,'Vivien Bentham','Basic principles of Marxism'),('S063','C007',71,'Vivien Bentham','Set Theory and Graph Theory'),('S063','C013',71,'Vivien Bentham','Probability and Statistics'),('S063','C006',98,'Vivien Bentham','Physical Education'),('S063','C016',77,'Vivien Bentham','Data Structures and Algorithms'),('S063','C017',86,'Vivien Bentham','Biochemistry B'),('S063','C004',98,'Vivien Bentham','Calculus B(1)'),('S063','C021',95,'Vivien Bentham','Formal Languages and Automata'),('S063','C008',87,'Vivien Bentham','Calculus B(2)'),('S063','C005',71,'Vivien Bentham','Linear Algebra and Analytic Geometry'),('S063','C019',95,'Vivien Bentham','Software Construction'),('S064','C002',61,'Frances Surrey','PjBL and Technological Innovation'),('S064','C021',89,'Frances Surrey','Formal Languages and Automata'),('S064','C009',78,'Frances Surrey','Situation and Policy'),('S064','C008',85,'Frances Surrey','Calculus B(2)'),('S064','C012',86,'Frances Surrey','Mathematical Logic'),('S064','C007',96,'Frances Surrey','Set Theory and Graph Theory'),('S064','C010',67,'Frances Surrey','Compendium of Chinese Modern and Contemporary History'),('S064','C016',79,'Frances Surrey','Data Structures and Algorithms'),('S064','C003',64,'Frances Surrey','College English'),('S064','C019',74,'Frances Surrey','Software Construction'),('S065','C003',95,'Bing Timothy','College English'),('S065','C007',94,'Bing Timothy','Set Theory and Graph Theory'),('S065','C006',70,'Bing Timothy','Physical Education'),('S065','C017',71,'Bing Timothy','Biochemistry B'),('S065','C008',93,'Bing Timothy','Calculus B(2)'),('S065','C010',86,'Bing Timothy','Compendium of Chinese Modern and Contemporary History'),('S065','C018',73,'Bing Timothy','Computer System'),('S065','C012',78,'Bing Timothy','Mathematical Logic'),('S065','C001',64,'Bing Timothy','High-level Language Programming'),('S065','C019',93,'Bing Timothy','Software Construction'),('S065','C022',95,'Bing Timothy','Basic principles of Marxism'),('S065','C005',61,'Bing Timothy','Linear Algebra and Analytic Geometry'),('S065','C014',98,'Bing Timothy','College Physics Experiments B'),('S066','C019',77,'Letitia Benjamin','Software Construction'),('S066','C007',96,'Letitia Benjamin','Set Theory and Graph Theory'),('S066','C001',70,'Letitia Benjamin','High-level Language Programming'),('S066','C016',81,'Letitia Benjamin','Data Structures and Algorithms'),('S066','C021',91,'Letitia Benjamin','Formal Languages and Automata'),('S066','C004',82,'Letitia Benjamin','Calculus B(1)'),('S066','C018',60,'Letitia Benjamin','Computer System'),('S066','C010',64,'Letitia Benjamin','Compendium of Chinese Modern and Contemporary History'),('S066','C008',83,'Letitia Benjamin','Calculus B(2)'),('S066','C013',86,'Letitia Benjamin','Probability and Statistics'),('S066','C015',62,'Letitia Benjamin','Digital Logic Design'),('S066','C002',63,'Letitia Benjamin','PjBL and Technological Innovation'),('S066','C003',64,'Letitia Benjamin','College English'),('S066','C011',96,'Letitia Benjamin','Algorithmic Design and Analysis'),('S066','C012',65,'Letitia Benjamin','Mathematical Logic'),('S067','C020',98,'Teresa Shakespeare','Introduction to Information Security'),('S067','C021',63,'Teresa Shakespeare','Formal Languages and Automata'),('S067','C022',60,'Teresa Shakespeare','Basic principles of Marxism'),('S067','C005',63,'Teresa Shakespeare','Linear Algebra and Analytic Geometry'),('S067','C001',79,'Teresa Shakespeare','High-level Language Programming'),('S067','C007',81,'Teresa Shakespeare','Set Theory and Graph Theory'),('S067','C009',85,'Teresa Shakespeare','Situation and Policy'),('S067','C016',71,'Teresa Shakespeare','Data Structures and Algorithms'),('S067','C019',99,'Teresa Shakespeare','Software Construction'),('S067','C014',72,'Teresa Shakespeare','College Physics Experiments B'),('S068','C002',87,'Hannah Berkeley','PjBL and Technological Innovation'),('S068','C018',98,'Hannah Berkeley','Computer System'),('S068','C004',78,'Hannah Berkeley','Calculus B(1)'),('S068','C001',83,'Hannah Berkeley','High-level Language Programming'),('S068','C013',82,'Hannah Berkeley','Probability and Statistics'),('S068','C003',86,'Hannah Berkeley','College English'),('S068','C015',71,'Hannah Berkeley','Digital Logic Design'),('S068','C020',68,'Hannah Berkeley','Introduction to Information Security'),('S068','C021',68,'Hannah Berkeley','Formal Languages and Automata'),('S068','C017',63,'Hannah Berkeley','Biochemistry B'),('S068','C009',96,'Hannah Berkeley','Situation and Policy'),('S068','C006',92,'Hannah Berkeley','Physical Education'),('S069','C019',72,'Fabian Virginia','Software Construction'),('S069','C022',100,'Fabian Virginia','Basic principles of Marxism'),('S069','C011',77,'Fabian Virginia','Algorithmic Design and Analysis'),('S069','C018',79,'Fabian Virginia','Computer System'),('S069','C021',61,'Fabian Virginia','Formal Languages and Automata'),('S069','C016',85,'Fabian Virginia','Data Structures and Algorithms'),('S069','C020',85,'Fabian Virginia','Introduction to Information Security'),('S069','C012',64,'Fabian Virginia','Mathematical Logic'),('S069','C015',86,'Fabian Virginia','Digital Logic Design'),('S069','C007',95,'Fabian Virginia','Set Theory and Graph Theory'),('S069','C017',97,'Fabian Virginia','Biochemistry B'),('S069','C003',85,'Fabian Virginia','College English'),('S069','C014',60,'Fabian Virginia','College Physics Experiments B'),('S069','C010',87,'Fabian Virginia','Compendium of Chinese Modern and Contemporary History'),('S070','C008',95,'Maxine Raglan','Calculus B(2)'),('S070','C014',66,'Maxine Raglan','College Physics Experiments B'),('S070','C016',86,'Maxine Raglan','Data Structures and Algorithms'),('S070','C006',85,'Maxine Raglan','Physical Education'),('S070','C022',77,'Maxine Raglan','Basic principles of Marxism'),('S070','C020',63,'Maxine Raglan','Introduction to Information Security'),('S070','C012',70,'Maxine Raglan','Mathematical Logic'),('S070','C019',97,'Maxine Raglan','Software Construction'),('S070','C007',86,'Maxine Raglan','Set Theory and Graph Theory'),('S070','C011',98,'Maxine Raglan','Algorithmic Design and Analysis'),('S071','C013',61,'Elma Job','Probability and Statistics'),('S071','C012',62,'Elma Job','Mathematical Logic'),('S071','C009',69,'Elma Job','Situation and Policy'),('S071','C019',87,'Elma Job','Software Construction'),('S071','C016',64,'Elma Job','Data Structures and Algorithms'),('S071','C005',82,'Elma Job','Linear Algebra and Analytic Geometry'),('S071','C002',86,'Elma Job','PjBL and Technological Innovation'),('S071','C020',70,'Elma Job','Introduction to Information Security'),('S071','C021',65,'Elma Job','Formal Languages and Automata'),('S071','C006',76,'Elma Job','Physical Education'),('S071','C001',97,'Elma Job','High-level Language Programming'),('S071','C003',90,'Elma Job','College English'),('S072','C006',62,'Kennedy Michelson','Physical Education'),('S072','C020',91,'Kennedy Michelson','Introduction to Information Security'),('S072','C022',88,'Kennedy Michelson','Basic principles of Marxism'),('S072','C016',91,'Kennedy Michelson','Data Structures and Algorithms'),('S072','C013',60,'Kennedy Michelson','Probability and Statistics'),('S072','C015',94,'Kennedy Michelson','Digital Logic Design'),('S072','C017',62,'Kennedy Michelson','Biochemistry B'),('S072','C012',62,'Kennedy Michelson','Mathematical Logic'),('S072','C019',94,'Kennedy Michelson','Software Construction'),('S072','C011',92,'Kennedy Michelson','Algorithmic Design and Analysis'),('S072','C014',89,'Kennedy Michelson','College Physics Experiments B'),('S072','C004',72,'Kennedy Michelson','Calculus B(1)'),('S073','C016',61,'Beatrice Zimmerman','Data Structures and Algorithms'),('S073','C007',93,'Beatrice Zimmerman','Set Theory and Graph Theory'),('S073','C003',95,'Beatrice Zimmerman','College English'),('S073','C010',81,'Beatrice Zimmerman','Compendium of Chinese Modern and Contemporary History'),('S073','C008',96,'Beatrice Zimmerman','Calculus B(2)'),('S073','C011',76,'Beatrice Zimmerman','Algorithmic Design and Analysis'),('S073','C012',73,'Beatrice Zimmerman','Mathematical Logic'),('S073','C009',94,'Beatrice Zimmerman','Situation and Policy'),('S073','C001',87,'Beatrice Zimmerman','High-level Language Programming'),('S073','C017',83,'Beatrice Zimmerman','Biochemistry B'),('S073','C005',81,'Beatrice Zimmerman','Linear Algebra and Analytic Geometry'),('S073','C002',80,'Beatrice Zimmerman','PjBL and Technological Innovation'),('S074','C012',99,'Meredith Clapham','Mathematical Logic'),('S074','C021',65,'Meredith Clapham','Formal Languages and Automata'),('S074','C020',92,'Meredith Clapham','Introduction to Information Security'),('S074','C013',99,'Meredith Clapham','Probability and Statistics'),('S074','C007',85,'Meredith Clapham','Set Theory and Graph Theory'),('S074','C016',95,'Meredith Clapham','Data Structures and Algorithms'),('S074','C011',70,'Meredith Clapham','Algorithmic Design and Analysis'),('S074','C002',97,'Meredith Clapham','PjBL and Technological Innovation'),('S074','C015',79,'Meredith Clapham','Digital Logic Design'),('S074','C018',86,'Meredith Clapham','Computer System'),('S074','C008',75,'Meredith Clapham','Calculus B(2)'),('S074','C006',89,'Meredith Clapham','Physical Education'),('S074','C001',86,'Meredith Clapham','High-level Language Programming'),('S075','C008',65,'Ian Josh','Calculus B(2)'),('S075','C004',89,'Ian Josh','Calculus B(1)'),('S075','C019',71,'Ian Josh','Software Construction'),('S075','C016',68,'Ian Josh','Data Structures and Algorithms'),('S075','C007',66,'Ian Josh','Set Theory and Graph Theory'),('S075','C010',80,'Ian Josh','Compendium of Chinese Modern and Contemporary History'),('S075','C003',84,'Ian Josh','College English'),('S075','C012',72,'Ian Josh','Mathematical Logic'),('S075','C009',82,'Ian Josh','Situation and Policy'),('S075','C005',80,'Ian Josh','Linear Algebra and Analytic Geometry'),('S075','C001',95,'Ian Josh','High-level Language Programming'),('S075','C015',72,'Ian Josh','Digital Logic Design'),('S075','C021',85,'Ian Josh','Formal Languages and Automata'),('S075','C018',78,'Ian Josh','Computer System'),('S076','C011',88,'Wright Charley','Algorithmic Design and Analysis'),('S076','C002',100,'Wright Charley','PjBL and Technological Innovation'),('S076','C017',71,'Wright Charley','Biochemistry B'),('S076','C006',81,'Wright Charley','Physical Education'),('S076','C012',73,'Wright Charley','Mathematical Logic'),('S076','C007',94,'Wright Charley','Set Theory and Graph Theory'),('S076','C013',100,'Wright Charley','Probability and Statistics'),('S076','C001',86,'Wright Charley','High-level Language Programming'),('S076','C009',84,'Wright Charley','Situation and Policy'),('S076','C003',75,'Wright Charley','College English'),('S076','C018',99,'Wright Charley','Computer System'),('S076','C020',65,'Wright Charley','Introduction to Information Security'),('S077','C017',84,'Carol Willard','Biochemistry B'),('S077','C001',63,'Carol Willard','High-level Language Programming'),('S077','C020',81,'Carol Willard','Introduction to Information Security'),('S077','C006',87,'Carol Willard','Physical Education'),('S077','C016',73,'Carol Willard','Data Structures and Algorithms'),('S077','C005',70,'Carol Willard','Linear Algebra and Analytic Geometry'),('S077','C009',81,'Carol Willard','Situation and Policy'),('S077','C004',84,'Carol Willard','Calculus B(1)'),('S077','C007',68,'Carol Willard','Set Theory and Graph Theory'),('S077','C008',63,'Carol Willard','Calculus B(2)'),('S077','C013',92,'Carol Willard','Probability and Statistics'),('S077','C011',70,'Carol Willard','Algorithmic Design and Analysis'),('S078','C006',69,'Lynn Judd','Physical Education'),('S078','C007',100,'Lynn Judd','Set Theory and Graph Theory'),('S078','C022',95,'Lynn Judd','Basic principles of Marxism'),('S078','C019',92,'Lynn Judd','Software Construction'),('S078','C010',87,'Lynn Judd','Compendium of Chinese Modern and Contemporary History'),('S078','C004',99,'Lynn Judd','Calculus B(1)'),('S078','C014',73,'Lynn Judd','College Physics Experiments B'),('S078','C002',99,'Lynn Judd','PjBL and Technological Innovation'),('S078','C008',64,'Lynn Judd','Calculus B(2)'),('S078','C011',84,'Lynn Judd','Algorithmic Design and Analysis'),('S078','C013',73,'Lynn Judd','Probability and Statistics'),('S078','C020',79,'Lynn Judd','Introduction to Information Security'),('S078','C015',81,'Lynn Judd','Digital Logic Design'),('S079','C011',84,'Henry Grote','Algorithmic Design and Analysis'),('S079','C015',62,'Henry Grote','Digital Logic Design'),('S079','C021',60,'Henry Grote','Formal Languages and Automata'),('S079','C019',69,'Henry Grote','Software Construction'),('S079','C010',97,'Henry Grote','Compendium of Chinese Modern and Contemporary History'),('S079','C014',69,'Henry Grote','College Physics Experiments B'),('S079','C012',63,'Henry Grote','Mathematical Logic'),('S079','C009',91,'Henry Grote','Situation and Policy'),('S080','C016',79,'Harriet Mc','Data Structures and Algorithms'),('S080','C003',96,'Harriet Mc','College English'),('S080','C005',74,'Harriet Mc','Linear Algebra and Analytic Geometry'),('S080','C017',66,'Harriet Mc','Biochemistry B'),('S080','C019',77,'Harriet Mc','Software Construction'),('S080','C020',94,'Harriet Mc','Introduction to Information Security'),('S080','C014',62,'Harriet Mc','College Physics Experiments B'),('S080','C013',63,'Harriet Mc','Probability and Statistics'),('S080','C008',77,'Harriet Mc','Calculus B(2)'),('S080','C001',84,'Harriet Mc','High-level Language Programming'),('S080','C011',63,'Harriet Mc','Algorithmic Design and Analysis'),('S080','C022',95,'Harriet Mc','Basic principles of Marxism'),('S080','C012',86,'Harriet Mc','Mathematical Logic'),('S080','C021',96,'Harriet Mc','Formal Languages and Automata'),('S081','C016',76,'Carthy','Data Structures and Algorithms'),('S081','C014',90,'Carthy','College Physics Experiments B'),('S081','C021',76,'Carthy','Formal Languages and Automata'),('S081','C010',82,'Carthy','Compendium of Chinese Modern and Contemporary History'),('S081','C002',62,'Carthy','PjBL and Technological Innovation'),('S081','C012',78,'Carthy','Mathematical Logic'),('S081','C003',83,'Carthy','College English'),('S081','C013',89,'Carthy','Probability and Statistics'),('S081','C007',68,'Carthy','Set Theory and Graph Theory'),('S081','C020',70,'Carthy','Introduction to Information Security'),('S081','C011',66,'Carthy','Algorithmic Design and Analysis'),('S081','C009',60,'Carthy','Situation and Policy'),('S082','C010',62,'Sabina Washington','Compendium of Chinese Modern and Contemporary History'),('S082','C005',74,'Sabina Washington','Linear Algebra and Analytic Geometry'),('S082','C004',83,'Sabina Washington','Calculus B(1)'),('S082','C006',99,'Sabina Washington','Physical Education'),('S082','C015',74,'Sabina Washington','Digital Logic Design'),('S082','C012',61,'Sabina Washington','Mathematical Logic'),('S082','C018',93,'Sabina Washington','Computer System'),('S082','C021',99,'Sabina Washington','Formal Languages and Automata'),('S082','C008',86,'Sabina Washington','Calculus B(2)'),('S082','C007',87,'Sabina Washington','Set Theory and Graph Theory'),('S082','C017',85,'Sabina Washington','Biochemistry B'),('S083','C007',61,'Jeff Baker','Set Theory and Graph Theory'),('S083','C002',74,'Jeff Baker','PjBL and Technological Innovation'),('S083','C009',78,'Jeff Baker','Situation and Policy'),('S083','C011',96,'Jeff Baker','Algorithmic Design and Analysis'),('S083','C010',92,'Jeff Baker','Compendium of Chinese Modern and Contemporary History'),('S083','C012',87,'Jeff Baker','Mathematical Logic'),('S083','C006',78,'Jeff Baker','Physical Education'),('S083','C020',82,'Jeff Baker','Introduction to Information Security'),('S083','C008',61,'Jeff Baker','Calculus B(2)'),('S083','C013',88,'Jeff Baker','Probability and Statistics'),('S083','C004',97,'Jeff Baker','Calculus B(1)'),('S083','C019',61,'Jeff Baker','Software Construction'),('S083','C015',88,'Jeff Baker','Digital Logic Design'),('S084','C019',81,'Roy Mac','Software Construction'),('S084','C011',91,'Roy Mac','Algorithmic Design and Analysis'),('S084','C021',68,'Roy Mac','Formal Languages and Automata'),('S084','C008',82,'Roy Mac','Calculus B(2)'),('S084','C012',72,'Roy Mac','Mathematical Logic'),('S084','C007',97,'Roy Mac','Set Theory and Graph Theory'),('S084','C006',69,'Roy Mac','Physical Education'),('S084','C017',95,'Roy Mac','Biochemistry B'),('S084','C010',84,'Roy Mac','Compendium of Chinese Modern and Contemporary History'),('S084','C015',64,'Roy Mac','Digital Logic Design'),('S084','C009',79,'Roy Mac','Situation and Policy'),('S084','C002',64,'Roy Mac','PjBL and Technological Innovation'),('S084','C018',79,'Roy Mac','Computer System'),('S085','C018',75,'Arthur','Computer System'),('S085','C011',72,'Arthur','Algorithmic Design and Analysis'),('S085','C013',69,'Arthur','Probability and Statistics'),('S085','C002',97,'Arthur','PjBL and Technological Innovation'),('S085','C017',82,'Arthur','Biochemistry B'),('S085','C007',64,'Arthur','Set Theory and Graph Theory'),('S085','C001',63,'Arthur','High-level Language Programming'),('S085','C019',64,'Arthur','Software Construction'),('S085','C014',75,'Arthur','College Physics Experiments B'),('S085','C012',99,'Arthur','Mathematical Logic'),('S085','C021',91,'Arthur','Formal Languages and Automata'),('S085','C020',82,'Arthur','Introduction to Information Security'),('S085','C004',93,'Arthur','Calculus B(1)'),('S085','C010',62,'Arthur','Compendium of Chinese Modern and Contemporary History'),('S086','C006',76,'Byron Montgomery','Physical Education'),('S086','C004',96,'Byron Montgomery','Calculus B(1)'),('S086','C010',76,'Byron Montgomery','Compendium of Chinese Modern and Contemporary History'),('S086','C002',92,'Byron Montgomery','PjBL and Technological Innovation'),('S086','C020',89,'Byron Montgomery','Introduction to Information Security'),('S086','C016',77,'Byron Montgomery','Data Structures and Algorithms'),('S086','C021',76,'Byron Montgomery','Formal Languages and Automata'),('S086','C011',86,'Byron Montgomery','Algorithmic Design and Analysis'),('S086','C022',73,'Byron Montgomery','Basic principles of Marxism'),('S086','C017',91,'Byron Montgomery','Biochemistry B'),('S086','C012',61,'Byron Montgomery','Mathematical Logic'),('S086','C009',99,'Byron Montgomery','Situation and Policy'),('S086','C003',73,'Byron Montgomery','College English'),('S086','C005',80,'Byron Montgomery','Linear Algebra and Analytic Geometry'),('S087','C019',64,'Sara Habakkuk','Software Construction'),('S087','C010',77,'Sara Habakkuk','Compendium of Chinese Modern and Contemporary History'),('S087','C007',96,'Sara Habakkuk','Set Theory and Graph Theory'),('S087','C006',86,'Sara Habakkuk','Physical Education'),('S087','C009',86,'Sara Habakkuk','Situation and Policy'),('S087','C005',100,'Sara Habakkuk','Linear Algebra and Analytic Geometry'),('S087','C016',64,'Sara Habakkuk','Data Structures and Algorithms'),('S087','C014',70,'Sara Habakkuk','College Physics Experiments B'),('S087','C018',88,'Sara Habakkuk','Computer System'),('S087','C003',84,'Sara Habakkuk','College English'),('S087','C012',69,'Sara Habakkuk','Mathematical Logic'),('S087','C021',76,'Sara Habakkuk','Formal Languages and Automata'),('S088','C015',60,'Cora Godwin','Digital Logic Design'),('S088','C012',73,'Cora Godwin','Mathematical Logic'),('S088','C022',84,'Cora Godwin','Basic principles of Marxism'),('S088','C007',92,'Cora Godwin','Set Theory and Graph Theory'),('S088','C013',96,'Cora Godwin','Probability and Statistics'),('S088','C011',64,'Cora Godwin','Algorithmic Design and Analysis'),('S088','C008',79,'Cora Godwin','Calculus B(2)'),('S088','C019',97,'Cora Godwin','Software Construction'),('S088','C003',72,'Cora Godwin','College English'),('S088','C017',62,'Cora Godwin','Biochemistry B'),('S088','C002',86,'Cora Godwin','PjBL and Technological Innovation'),('S089','C011',78,'Chester Dillon','Algorithmic Design and Analysis'),('S089','C012',86,'Chester Dillon','Mathematical Logic'),('S089','C016',98,'Chester Dillon','Data Structures and Algorithms'),('S089','C021',80,'Chester Dillon','Formal Languages and Automata'),('S089','C003',94,'Chester Dillon','College English'),('S089','C001',74,'Chester Dillon','High-level Language Programming'),('S089','C008',94,'Chester Dillon','Calculus B(2)'),('S089','C005',99,'Chester Dillon','Linear Algebra and Analytic Geometry'),('S089','C020',91,'Chester Dillon','Introduction to Information Security'),('S089','C022',95,'Chester Dillon','Basic principles of Marxism'),('S089','C004',76,'Chester Dillon','Calculus B(1)'),('S089','C018',94,'Chester Dillon','Computer System'),('S089','C010',98,'Chester Dillon','Compendium of Chinese Modern and Contemporary History'),('S089','C014',78,'Chester Dillon','College Physics Experiments B'),('S090','C004',97,'Hulda Thoreau','Calculus B(1)'),('S090','C017',91,'Hulda Thoreau','Biochemistry B'),('S090','C018',88,'Hulda Thoreau','Computer System'),('S090','C012',87,'Hulda Thoreau','Mathematical Logic'),('S090','C002',66,'Hulda Thoreau','PjBL and Technological Innovation'),('S090','C001',74,'Hulda Thoreau','High-level Language Programming'),('S090','C021',91,'Hulda Thoreau','Formal Languages and Automata'),('S090','C020',91,'Hulda Thoreau','Introduction to Information Security'),('S090','C014',62,'Hulda Thoreau','College Physics Experiments B'),('S090','C019',68,'Hulda Thoreau','Software Construction'),('S090','C015',90,'Hulda Thoreau','Digital Logic Design'),('S090','C016',81,'Hulda Thoreau','Data Structures and Algorithms'),('S090','C013',89,'Hulda Thoreau','Probability and Statistics'),('S091','C017',100,'Liz Roosevelt','Biochemistry B'),('S091','C014',96,'Liz Roosevelt','College Physics Experiments B'),('S091','C022',93,'Liz Roosevelt','Basic principles of Marxism'),('S091','C006',72,'Liz Roosevelt','Physical Education'),('S091','C010',99,'Liz Roosevelt','Compendium of Chinese Modern and Contemporary History'),('S091','C005',94,'Liz Roosevelt','Linear Algebra and Analytic Geometry'),('S091','C009',73,'Liz Roosevelt','Situation and Policy'),('S091','C019',70,'Liz Roosevelt','Software Construction'),('S091','C016',77,'Liz Roosevelt','Data Structures and Algorithms'),('S091','C020',93,'Liz Roosevelt','Introduction to Information Security'),('S091','C001',63,'Liz Roosevelt','High-level Language Programming'),('S091','C021',92,'Liz Roosevelt','Formal Languages and Automata'),('S091','C012',81,'Liz Roosevelt','Mathematical Logic'),('S092','C015',79,'Edwiin Bernard','Digital Logic Design'),('S092','C012',87,'Edwiin Bernard','Mathematical Logic'),('S092','C022',77,'Edwiin Bernard','Basic principles of Marxism'),('S092','C014',99,'Edwiin Bernard','College Physics Experiments B'),('S092','C010',65,'Edwiin Bernard','Compendium of Chinese Modern and Contemporary History'),('S092','C018',90,'Edwiin Bernard','Computer System'),('S092','C020',62,'Edwiin Bernard','Introduction to Information Security'),('S092','C003',72,'Edwiin Bernard','College English'),('S092','C021',71,'Edwiin Bernard','Formal Languages and Automata'),('S092','C005',65,'Edwiin Bernard','Linear Algebra and Analytic Geometry'),('S092','C019',91,'Edwiin Bernard','Software Construction'),('S093','C001',64,'Darcy Hamilton','High-level Language Programming'),('S093','C013',64,'Darcy Hamilton','Probability and Statistics'),('S093','C019',60,'Darcy Hamilton','Software Construction'),('S093','C017',80,'Darcy Hamilton','Biochemistry B'),('S093','C004',85,'Darcy Hamilton','Calculus B(1)'),('S093','C011',78,'Darcy Hamilton','Algorithmic Design and Analysis'),('S093','C020',76,'Darcy Hamilton','Introduction to Information Security'),('S093','C007',84,'Darcy Hamilton','Set Theory and Graph Theory'),('S093','C006',91,'Darcy Hamilton','Physical Education'),('S093','C018',62,'Darcy Hamilton','Computer System'),('S093','C010',97,'Darcy Hamilton','Compendium of Chinese Modern and Contemporary History'),('S093','C014',92,'Darcy Hamilton','College Physics Experiments B'),('S093','C003',64,'Darcy Hamilton','College English'),('S094','C019',79,'Charlotte Eugene','Software Construction'),('S094','C006',69,'Charlotte Eugene','Physical Education'),('S094','C016',100,'Charlotte Eugene','Data Structures and Algorithms'),('S094','C007',73,'Charlotte Eugene','Set Theory and Graph Theory'),('S094','C018',74,'Charlotte Eugene','Computer System'),('S094','C021',75,'Charlotte Eugene','Formal Languages and Automata'),('S094','C008',91,'Charlotte Eugene','Calculus B(2)'),('S094','C015',93,'Charlotte Eugene','Digital Logic Design'),('S094','C011',88,'Charlotte Eugene','Algorithmic Design and Analysis'),('S094','C017',74,'Charlotte Eugene','Biochemistry B'),('S094','C002',66,'Charlotte Eugene','PjBL and Technological Innovation'),('S094','C009',80,'Charlotte Eugene','Situation and Policy'),('S095','C010',89,'Perry Maltz','Compendium of Chinese Modern and Contemporary History'),('S095','C006',63,'Perry Maltz','Physical Education'),('S095','C009',85,'Perry Maltz','Situation and Policy'),('S095','C022',71,'Perry Maltz','Basic principles of Marxism'),('S095','C015',100,'Perry Maltz','Digital Logic Design'),('S095','C012',73,'Perry Maltz','Mathematical Logic'),('S095','C017',63,'Perry Maltz','Biochemistry B'),('S095','C003',65,'Perry Maltz','College English'),('S095','C001',63,'Perry Maltz','High-level Language Programming'),('S095','C002',65,'Perry Maltz','PjBL and Technological Innovation'),('S095','C018',75,'Perry Maltz','Computer System'),('S095','C014',73,'Perry Maltz','College Physics Experiments B'),('S096','C009',77,'Kama Pigou','Situation and Policy'),('S096','C008',62,'Kama Pigou','Calculus B(2)'),('S096','C002',71,'Kama Pigou','PjBL and Technological Innovation'),('S096','C014',63,'Kama Pigou','College Physics Experiments B'),('S096','C022',100,'Kama Pigou','Basic principles of Marxism'),('S096','C007',78,'Kama Pigou','Set Theory and Graph Theory'),('S096','C018',99,'Kama Pigou','Computer System'),('S096','C005',71,'Kama Pigou','Linear Algebra and Analytic Geometry'),('S096','C001',84,'Kama Pigou','High-level Language Programming'),('S096','C015',80,'Kama Pigou','Digital Logic Design'),('S096','C017',81,'Kama Pigou','Biochemistry B'),('S096','C020',61,'Kama Pigou','Introduction to Information Security'),('S096','C013',99,'Kama Pigou','Probability and Statistics'),('S097','C008',77,'Christine Julius','Calculus B(2)'),('S097','C005',84,'Christine Julius','Linear Algebra and Analytic Geometry'),('S097','C002',91,'Christine Julius','PjBL and Technological Innovation'),('S097','C001',86,'Christine Julius','High-level Language Programming'),('S097','C004',71,'Christine Julius','Calculus B(1)'),('S097','C019',77,'Christine Julius','Software Construction'),('S097','C014',79,'Christine Julius','College Physics Experiments B'),('S097','C003',88,'Christine Julius','College English'),('S097','C013',90,'Christine Julius','Probability and Statistics'),('S097','C011',80,'Christine Julius','Algorithmic Design and Analysis'),('S097','C022',84,'Christine Julius','Basic principles of Marxism'),('S098','C001',67,'Coral Paul','High-level Language Programming'),('S098','C013',97,'Coral Paul','Probability and Statistics'),('S098','C012',99,'Coral Paul','Mathematical Logic'),('S098','C021',79,'Coral Paul','Formal Languages and Automata'),('S098','C019',79,'Coral Paul','Software Construction'),('S098','C006',61,'Coral Paul','Physical Education'),('S098','C015',64,'Coral Paul','Digital Logic Design'),('S098','C022',86,'Coral Paul','Basic principles of Marxism'),('S098','C017',68,'Coral Paul','Biochemistry B'),('S098','C004',85,'Coral Paul','Calculus B(1)'),('S098','C011',60,'Coral Paul','Algorithmic Design and Analysis'),('S098','C009',74,'Coral Paul','Situation and Policy'),('S099','C016',62,'Andre Toby','Data Structures and Algorithms'),('S099','C017',93,'Andre Toby','Biochemistry B'),('S099','C003',69,'Andre Toby','College English'),('S099','C012',99,'Andre Toby','Mathematical Logic'),('S099','C013',85,'Andre Toby','Probability and Statistics'),('S099','C001',85,'Andre Toby','High-level Language Programming'),('S099','C010',60,'Andre Toby','Compendium of Chinese Modern and Contemporary History'),('S099','C021',90,'Andre Toby','Formal Languages and Automata'),('S099','C018',80,'Andre Toby','Computer System'),('S099','C009',95,'Andre Toby','Situation and Policy'),('S099','C004',76,'Andre Toby','Calculus B(1)'),('S099','C002',84,'Andre Toby','PjBL and Technological Innovation'),('S100','C010',80,'Megan Marcellus','Compendium of Chinese Modern and Contemporary History'),('S100','C013',74,'Megan Marcellus','Probability and Statistics'),('S100','C021',76,'Megan Marcellus','Formal Languages and Automata'),('S100','C012',63,'Megan Marcellus','Mathematical Logic'),('S100','C017',84,'Megan Marcellus','Biochemistry B'),('S100','C004',90,'Megan Marcellus','Calculus B(1)'),('S100','C007',86,'Megan Marcellus','Set Theory and Graph Theory'),('S100','C003',94,'Megan Marcellus','College English'),('S100','C006',93,'Megan Marcellus','Physical Education'),('S100','C008',70,'Megan Marcellus','Calculus B(2)'),('S100','C005',77,'Megan Marcellus','Linear Algebra and Analytic Geometry'),('S100','C009',68,'Megan Marcellus','Situation and Policy'),('S100','C022',66,'Megan Marcellus','Basic principles of Marxism'),('S101','C012',63,'Meroy Belle','Mathematical Logic'),('S101','C019',90,'Meroy Belle','Software Construction'),('S101','C013',72,'Meroy Belle','Probability and Statistics'),('S101','C007',64,'Meroy Belle','Set Theory and Graph Theory'),('S101','C002',65,'Meroy Belle','PjBL and Technological Innovation'),('S101','C009',99,'Meroy Belle','Situation and Policy'),('S101','C018',64,'Meroy Belle','Computer System'),('S101','C003',73,'Meroy Belle','College English'),('S101','C005',72,'Meroy Belle','Linear Algebra and Analytic Geometry'),('S101','C016',96,'Meroy Belle','Data Structures and Algorithms'),('S101','C017',89,'Meroy Belle','Biochemistry B'),('S101','C004',70,'Meroy Belle','Calculus B(1)'),('S101','C006',66,'Meroy Belle','Physical Education'),('S101','C020',71,'Meroy Belle','Introduction to Information Security'),('S102','C010',72,'Delia Crane','Compendium of Chinese Modern and Contemporary History'),('S102','C001',72,'Delia Crane','High-level Language Programming'),('S102','C019',99,'Delia Crane','Software Construction'),('S102','C014',86,'Delia Crane','College Physics Experiments B'),('S102','C002',65,'Delia Crane','PjBL and Technological Innovation'),('S102','C012',73,'Delia Crane','Mathematical Logic'),('S102','C011',80,'Delia Crane','Algorithmic Design and Analysis'),('S102','C017',66,'Delia Crane','Biochemistry B'),('S102','C022',77,'Delia Crane','Basic principles of Marxism'),('S102','C013',100,'Delia Crane','Probability and Statistics'),('S102','C007',97,'Delia Crane','Set Theory and Graph Theory'),('S103','C021',61,'Claire Sawyer','Formal Languages and Automata'),('S103','C007',65,'Claire Sawyer','Set Theory and Graph Theory'),('S103','C018',69,'Claire Sawyer','Computer System'),('S103','C008',76,'Claire Sawyer','Calculus B(2)'),('S103','C013',87,'Claire Sawyer','Probability and Statistics'),('S103','C022',80,'Claire Sawyer','Basic principles of Marxism'),('S103','C020',86,'Claire Sawyer','Introduction to Information Security'),('S103','C017',98,'Claire Sawyer','Biochemistry B'),('S103','C010',85,'Claire Sawyer','Compendium of Chinese Modern and Contemporary History'),('S103','C006',75,'Claire Sawyer','Physical Education'),('S103','C009',68,'Claire Sawyer','Situation and Policy'),('S103','C003',68,'Claire Sawyer','College English'),('S103','C011',97,'Claire Sawyer','Algorithmic Design and Analysis'),('S103','C014',70,'Claire Sawyer','College Physics Experiments B'),('S104','C018',80,'Burnell Ben','Computer System'),('S104','C013',64,'Burnell Ben','Probability and Statistics'),('S104','C015',62,'Burnell Ben','Digital Logic Design'),('S104','C008',93,'Burnell Ben','Calculus B(2)'),('S104','C019',85,'Burnell Ben','Software Construction'),('S104','C001',73,'Burnell Ben','High-level Language Programming'),('S104','C007',81,'Burnell Ben','Set Theory and Graph Theory'),('S104','C003',65,'Burnell Ben','College English'),('S104','C011',90,'Burnell Ben','Algorithmic Design and Analysis'),('S104','C009',64,'Burnell Ben','Situation and Policy'),('S104','C012',66,'Burnell Ben','Mathematical Logic'),('S104','C006',77,'Burnell Ben','Physical Education'),('S104','C017',76,'Burnell Ben','Biochemistry B'),('S104','C010',99,'Burnell Ben','Compendium of Chinese Modern and Contemporary History'),('S104','C005',70,'Burnell Ben','Linear Algebra and Analytic Geometry'),('S105','C013',69,'Lawrence Melville','Probability and Statistics'),('S105','C003',63,'Lawrence Melville','College English'),('S105','C012',92,'Lawrence Melville','Mathematical Logic'),('S105','C010',86,'Lawrence Melville','Compendium of Chinese Modern and Contemporary History'),('S105','C007',65,'Lawrence Melville','Set Theory and Graph Theory'),('S105','C019',98,'Lawrence Melville','Software Construction'),('S105','C004',73,'Lawrence Melville','Calculus B(1)'),('S105','C014',93,'Lawrence Melville','College Physics Experiments B'),('S105','C005',84,'Lawrence Melville','Linear Algebra and Analytic Geometry'),('S105','C020',63,'Lawrence Melville','Introduction to Information Security'),('S105','C018',83,'Lawrence Melville','Computer System'),('S105','C006',70,'Lawrence Melville','Physical Education'),('S105','C008',75,'Lawrence Melville','Calculus B(2)'),('S106','C001',88,'Esther Guy','High-level Language Programming'),('S106','C018',76,'Esther Guy','Computer System'),('S106','C003',84,'Esther Guy','College English'),('S106','C022',97,'Esther Guy','Basic principles of Marxism'),('S106','C021',75,'Esther Guy','Formal Languages and Automata'),('S106','C009',100,'Esther Guy','Situation and Policy'),('S106','C015',90,'Esther Guy','Digital Logic Design'),('S106','C004',93,'Esther Guy','Calculus B(1)'),('S106','C002',82,'Esther Guy','PjBL and Technological Innovation'),('S106','C005',80,'Esther Guy','Linear Algebra and Analytic Geometry'),('S106','C017',88,'Esther Guy','Biochemistry B'),('S107','C017',60,'Jenny Bowen','Biochemistry B'),('S107','C001',75,'Jenny Bowen','High-level Language Programming'),('S107','C015',88,'Jenny Bowen','Digital Logic Design'),('S107','C021',64,'Jenny Bowen','Formal Languages and Automata'),('S107','C018',69,'Jenny Bowen','Computer System'),('S107','C014',64,'Jenny Bowen','College Physics Experiments B'),('S107','C007',96,'Jenny Bowen','Set Theory and Graph Theory'),('S107','C010',70,'Jenny Bowen','Compendium of Chinese Modern and Contemporary History'),('S107','C002',62,'Jenny Bowen','PjBL and Technological Innovation'),('S107','C004',72,'Jenny Bowen','Calculus B(1)'),('S107','C013',84,'Jenny Bowen','Probability and Statistics'),('S107','C008',100,'Jenny Bowen','Calculus B(2)'),('S107','C019',77,'Jenny Bowen','Software Construction'),('S107','C020',76,'Jenny Bowen','Introduction to Information Security'),('S108','C013',86,'Nelson Oscar','Probability and Statistics'),('S108','C020',88,'Nelson Oscar','Introduction to Information Security'),('S108','C022',77,'Nelson Oscar','Basic principles of Marxism'),('S108','C014',62,'Nelson Oscar','College Physics Experiments B'),('S108','C012',84,'Nelson Oscar','Mathematical Logic'),('S108','C007',100,'Nelson Oscar','Set Theory and Graph Theory'),('S108','C006',98,'Nelson Oscar','Physical Education'),('S108','C002',72,'Nelson Oscar','PjBL and Technological Innovation'),('S108','C018',80,'Nelson Oscar','Computer System'),('S108','C011',73,'Nelson Oscar','Algorithmic Design and Analysis'),('S108','C016',90,'Nelson Oscar','Data Structures and Algorithms'),('S108','C001',98,'Nelson Oscar','High-level Language Programming'),('S108','C015',66,'Nelson Oscar','Digital Logic Design');

/*Table structure for table `users` */

DROP TABLE IF EXISTS `users`;

CREATE TABLE `users` (
  `userid` varchar(64) NOT NULL,
  `pwdHash` varchar(64) NOT NULL,
  `id` varchar(64) NOT NULL,
  `name` varchar(64) NOT NULL,
  `gender` varchar(32) NOT NULL,
  `major` varchar(64) NOT NULL,
  `profession` varchar(64) NOT NULL,
  `userType` int(11) NOT NULL
) ENGINE=InnoDB DEFAULT CHARSET=utf8;

/*Data for the table `users` */

insert  into `users`(`userid`,`pwdHash`,`id`,`name`,`gender`,`major`,`profession`,`userType`) values ('A001','4c140d588ba95acbcbe38c116648a66c5ba0f94a71d05c5f9d433dedde8d318d','A001','Tess William','Female','','',0),('A002','42651dea0ed5dd31fcf25c5b992d6c3db2e4aec9a530b1f5278e647bfddac07f','A002','Samantha Esther','Female','','',0),('A003','9b287e42c2717ed7a1c9edbce2335a7faac4cc3d99c86e1725ba6ebcc1213c00','A003','Zora Chamberlain','Female','','',0),('A004','259ae8c59307ef6cb03d8aefb45d6dd899fa0742dbf2874534d9192122ac788a','A004','Theresa Clarissa','Male','','',0),('A005','40ca42fec402b4b369f52b37e7e00b4571c7b1ad7a072e583c9278ceefe5bbad','A005','Iris David','Male','','',0),('T006','543c78b05963c9da8c35d1d9fcc799c7e62e4a239d0b54a3a81ae3d2e3b9e221','T006','Merry Tout','Female','','Energy Science and Engineering',1),('T007','293c3faf281af1d343a1bc23fea0fa7af8d7b0fce69c967d6abac8e321547b08','T007','Zachary Nico(l)','Male','','Environmental Science and Engineering',1),('T008','b0549cac9abd808a10761abd3b53a669817545986397724dda80bc00e69c0cef','T008','Levi Evans','Male','','Electronic Information Engineering',1),('T009','52fc819c6becdfd6fe6a320ce358064cdf0a7d0ba1e7351005b8fe70c20c22a5','T009','Shirley Sam','Female','','Instrument science and Technology',1),('T010','8a8d68e79360d87ab4fd6ae6a2de22d6c19cb6d67fe6b516171586a7837d936f','T010','Gale Holt','Female','','Mechanical and Electrical Engineering',1),('T011','7e8117ec7f7c4ca54c118f037b773428d6c664ef65a8f03c6eaf32c40f759bb6','T011','Osborn Gus','Male','','Materials Science and Engineering',1),('T012','3a3e82789097f74c29ce43f719a99f5c5aca3827da93c90cf66eb53e4f75e488','T012','Stephanie Grantham','Male','','Electronic Information Engineering',1),('T013','936a88ffefef6ec0005248e9d11b8aa9d5f485a60d13c97084e41568575d66b6','T013','Nydia Barrie','Male','','Instrument science and Technology',1),('T014','652dd46e74f4a46ed068a142f85132e76db4b501b65c509dfa00819cb7d3a7ab','T014','Letitia Wodehous','Male','','Chemical Engineering and Chemistry',1),('T015','604bf01208d3d872c6f58bdf599dc3c24933ce750a56bbdac1242703aba1fb5d','T015','Prudence Lindberg(h)','Male','','Mechanical and Electrical Engineering',1),('T016','b68dbddd818a2ccd947c0fedc77438c302a234a73254b3f0a0bb9ec49428f37f','T016','Elizabeth Saul','Male','','Materials Science and Engineering',1),('T017','75b9ecb7fb664a878879fbd5346085082f4a4c9d1e63f6bae590d2197e53d799','T017','Bonnie Raphael','Male','','Electronic Information Engineering',1),('T018','84b8be845be510929b7c44e699869f4ba6fb44fb341406aa7d8fe7c3028710b1','T018','Marjorie Lena','Male','','Electrical Engineering and Automation',1),('T019','5a97e203cca064f9e882e5e77691a993b0be5a846a5493b60f6107ca59e99418','T019','Fitch Donne','Male','','Chemical Engineering and Chemistry',1),('T020','23df7e3485beb6aa43ed2db7ab7befb55f85d60097b26d5a681169785b1b4dba','T020','Grace Daniel','Male','','Electrical Engineering and Automation',1),('S021','4570b90484c73cadd37b7e144a8ddeaa39b0934aeca57b9f688e2ccc0d487c85','S021','Scott Lily','Male','Electrical Engineering and Automation','',2),('S022','ac9211daab3a886236addf3427b5347ebb8931c73458507023705792f688f242','S022','Barbara Woo','Female','Aerospace Engineering','',2),('S023','300084871d921922e2a2d7e7ea6f09c9da29c598885d104a862b85b4f4cd7999','S023','lfEllis Webb','Male','Electronic Information Engineering','',2),('S024','6ee9d2b88ed8a5827b61b0535d21538440effcc243b19846ad3f697919bef7f9','S024','Afra Malachi','Male','Energy Science and Engineering','',2),('S025','08a245e325b07eeda581ee4f0b03dfd91524aa458ebdc974ae16342cb7f9f8f3','S025','Elliot Bobby','Male','Mechanical and Electrical Engineering','',2),('S026','cf517f115a12f45670327717cbc86006bfafc6d7707116d43729f4827050d970','S026','Jane Dobbin','Male','Electrical Engineering and Automation','',2),('S027','69bcb8ba84d2588cb0ba50b70440d1a7373403ccd309958155275719fed56a4c','S027','Carl Whitman','Male','Environmental Science and Engineering','',2),('S028','d842527d5a16cc25b5837defd369835c44aa70c615f3405a8c83835926a5d0d6','S028','Moira Kingsley','Male','Energy Science and Engineering','',2),('S029','9f3f0254331d10169266a82bf2c44070fee784f3844acee78df3a1f2e0dc46b4','S029','Beau Dunbar','Male','Materials Science and Engineering','',2),('S030','2d1ed98f2f0c98a734aa735fe31712a2153a4950d02fa3ffb941d297b27eff30','S030','Augustine Eliot','Female','Chemical Engineering and Chemistry','',2),('S031','80970e6f7bef77c2c0413b47e7cf01f5237146bdf8fa782381dd09ca5f65a3d2','S031','Channing Finger','Female','Energy Science and Engineering','',2),('S032','70dfd9debf085835fd451d6b7a8a9b41beef9aa1062eee386810df7468c01c00','S032','Caesar Rob','Male','Instrument science and Technology','',2),('S033','4b3e33d4e20fb92afc767c3b242450e41ec36df2026fbcd35d33ccb7a2ff1f24','S033','Oliver Robbins','Male','Electronic Information Engineering','',2),('S034','06db0ef921c3a3ea461596d186397dde95385d20fa9c87bd79dc2c1ab31f446e','S034','Spring Addison','Female','Chemical Engineering and Chemistry','',2),('S035','3ff277e46d7510f59632042afba779bde0ccb91fd9aaea58c88a1e19697bdb65','S035','Hermosa Snow','Female','Chemical Engineering and Chemistry','',2),('S036','d45ea320e93d3034b4798bf2f0186ece5cd315f8c4c14653c01a78f52e35cc36','S036','Bernard Malachi','Male','Mechanical and Electrical Engineering','',2),('S037','d623dafa100da9da1430bae2dc56fe099710d96a50845b36301618c1560caf6f','S037','Kimberley Smith','Male','Instrument science and Technology','',2),('S038','dd4faa02c74bb7bf6a29f6c479aeb11712a09edfbc326b12e7125dc75e25b7e1','S038','Albert Jack','Male','Computer Science and Technology','',2),('S039','73271367032f869c82401b8072558229684179ede2ab75118cc65fd6d78319ca','S039','Benjamin Sandy','Male','Chemical Engineering and Chemistry','',2),('S040','2230c231f06146072190cdd54a2845dabbd080a02e3f0604051f79c0e6a60f33','S040','Kerr Sapir','Female','Environmental Science and Engineering','',2),('S041','30dde6dc4922f502f8f323a3f79fdd3ee6cf4bf296ddad693cbc5f4f29ea1e22','S041','Ken Stephens','Male','Electronic Information Engineering','',2),('S042','6085e75f5a8c31c561f9c44b3b70a45afac05c8f7beb2fcbfd2af15e8447e860','S042','Porter Henry','Female','Computer Science and Technology','',2),('S043','fa5650152ef71f1876f9f8722c43076f9c489f7c92964cdae3cf5749bfcb5a48','S043','Ruth Alice','Female','Aerospace Engineering','',2),('S044','82e8fec2e7249d1d2209d92d9ec1f5d87176f85d06da8fdfaf8adf73e25de8b8','S044','Barbara Roy','Female','Materials Science and Engineering','',2),('S045','04f256d3e1cc3ab1ee8285a034eee128496c7da038344fc45a52f6dab3663c4b','S045','Ed Bartlett','Female','Electronic Information Engineering','',2),('S046','655b603552bc66fa354521d39c732f09dc97665c760b20e001961fa94a30bf4e','S046','Tyler Kennedy','Female','Instrument science and Technology','',2),('S047','eea64d5a516dcdc34d428b5eb18ddd29069813832f042aae33a87330c511129a','S047','Bradley Mac','Female','Instrument science and Technology','',2),('S048','3de49bdffd27dc2f89ba6b27f5e4fc7e06d97a0ee7515ab7abe0ea25eec15320','S048','Millan','Male','Computer Science and Technology','',2),('S049','4a9c67e8fe883414ecc5e17c25892738d99ae63f96a6c43f80d739842deb3ea3','S049','Gabriel Philemon','Female','Aerospace Engineering','',2),('S050','cd56f48f8bfb6e7007319a251c790441e640ab56a31aebe5989121935a77600f','S050','Harley Cumberland','Female','Mechanical and Electrical Engineering','',2),('S051','856945b81e322157f523936b5eeb5928eb6fe133ad5192dbd218c6969ba7d8a2','S051','Isidore Becher','Male','Aerospace Engineering','',2),('S052','ad1a6d74dc581daabb9afda9ba6a8fda41c7dc305490cb5275d8e7a07d2fd34d','S052','Sherry Lloyd','Male','Instrument science and Technology','',2),('S053','4503885add513a091dc61a436e601a7f9b2799dd5ab9a373cf9383c549250cac','S053','Brook Crofts','Female','Materials Science and Engineering','',2),('S054','f04fdb984f4ffec0661364b37188138936eb71577dfedf8ccc95625a46d76f07','S054','Lee Sara(h)','Male','Materials Science and Engineering','',2),('S055','b3f0d8198bd319a12401d2a0c6d92b7db5d7e722ecd0196f5eefa016f287f81f','S055','Hamiltion Horace','Male','Energy Science and Engineering','',2),('S056','b5300fb8756013b7b10d60a4e8b79c6e5e84566ad41ad3bf805664e7d7f33f2e','S056','Roberta Lyly','Male','Environmental Science and Engineering','',2),('S057','c4cc76b62e92665b4e68e44f591516789574d9037a1aa6ca8ab443f0cdab7636','S057','Genevieve Leigh','Male','Environmental Science and Engineering','',2),('S058','8e7c68b9d5a1b468a798228ba3ab18574e5c35809a11a4ccedee4943b0c65633','S058','Pag Nelson','Male','Electronic Information Engineering','',2),('S059','20571b22a4325a30f4c10bf7ea924de16f729cd7c1bc71000f71ed2909106d64','S059','Clyde Bess','Female','Chemical Engineering and Chemistry','',2),('S060','7ea54dd7a22ee4271d32de23321f903ab44465559e352cdc521c505a668fc67c','S060','Daphne Juliana','Male','Mechanical and Electrical Engineering','',2),('S061','b2075a505c58a64ce926adc967da441c79e52131303740eccf58a4ae55cd7aa0','S061','Darren Harry','Female','Environmental Science and Engineering','',2),('S062','497074f45788f3036b7ef52b4393f8a6656159cd149a58a5a414cdd047f6e3e2','S062','Jeffrey Dick','Male','Aerospace Engineering','',2),('S063','2c824f55f305fd7bcc9a8914fdae3f2295bce985e02a7e198cb10854cea552c9','S063','Vivien Bentham','Male','Computer Science and Technology','',2),('S064','8841c83fc43bf1726055f1b704b5be1eb9c063362105b08590e03424d9d59d0a','S064','Frances Surrey','Male','Materials Science and Engineering','',2),('S065','df62441db42e2fc442b6f54c3ad6e76281a3904e8669e05b287311cd7860fdab','S065','Bing Timothy','Male','Aerospace Engineering','',2),('S066','9f52a55b793a194394caa5ec2a31dc097b2dc11711fe3c9418cc2e280efac71d','S066','Letitia Benjamin','Female','Materials Science and Engineering','',2),('S067','6e9c7faf74677ff532eaf0efd752d9b27f2afeb92cd2ce20ce0afa43e1c18a1c','S067','Teresa Shakespeare','Female','Aerospace Engineering','',2),('S068','21c35c1ca86d7af9c16a1392b74324abe34426a05214fa1b9bf629e91e7c86f1','S068','Hannah Berkeley','Male','Aerospace Engineering','',2),('S069','69bfa3174a41ef4fdc42412fa42db328853808be5bd861dab4060018a374712b','S069','Fabian Virginia','Female','Mechanical and Electrical Engineering','',2),('S070','c8d4c8d09c93351aec455050aacab30230b77c5112cf969fa2d3df0a66008443','S070','Maxine Raglan','Male','Computer Science and Technology','',2),('S071','52b9ce18c4ee165b1eb8263b31be258f2c082452f0570eb317b3506635d03f78','S071','Elma Job','Female','Electrical Engineering and Automation','',2),('S072','ac26695b53e1c0cb6b4a45f24ee6e267799dcf750a8a15f8c287274ad67f759f','S072','Kennedy Michelson','Female','Mechanical and Electrical Engineering','',2),('S073','2c86a61423c6c21c1b53f977172ed49a34a429ea3f057a48a187f741da4bbbba','S073','Beatrice Zimmerman','Female','Computer Science and Technology','',2),('S074','e62d39176c99df3eff4ed2778390e6a7eebe8ed7dd35a5f1bcc1182ab76b9c2e','S074','Meredith Clapham','Male','Materials Science and Engineering','',2),('S075','c8be30534844803c5c85a56928e84ab82103b975ee38eff0693ecdc26b1266e2','S075','Ian Josh','Female','Instrument science and Technology','',2),('S076','4445cb2c284f73b950d88d114aeeea3b1846fbe64d15e2b456f30e05521137a0','S076','Wright Charley','Male','Aerospace Engineering','',2),('S077','a3fb55b93c1ca4b81c3dea3b00d66d5db2280ceb8c5e2cb93be0c865ceeb3603','S077','Carol Willard','Female','Environmental Science and Engineering','',2),('S078','0f096210af21f2c191ee9127aadb6999f546e917a7e394e3107b7ca164904d54','S078','Lynn Judd','Male','Materials Science and Engineering','',2),('S079','b7c4d94e8afdb66eb48b986e5da0fb5285a610fac7e32669965c77a63d89ca8c','S079','Henry Grote','Male','Computer Science and Technology','',2),('S080','853fb5b6a73e142e4add42b20a50c0f19743509c26e1293576eafe8e76412810','S080','Harriet Mc','Male','Energy Science and Engineering','',2),('S081','7c5ddd9cf333b236432cb8454e2729e5240bb87b523ac417178e20907ea2107c','S081','Carthy','Female','Chemical Engineering and Chemistry','',2),('S082','aed77dc353c88799c97bb577e128505581af0dc28c8454bf008056ddae7d525f','S082','Sabina Washington','Male','Environmental Science and Engineering','',2),('S083','1801d76049dba783cce31fb702efa553d9f856085fded433b31d0a2590cb11e5','S083','Jeff Baker','Male','Electronic Information Engineering','',2),('S084','b0f47bf7592d5daf4afe7bcb27424de48a4b390886c35bae731e7c17321fdc5c','S084','Roy Mac','Female','Materials Science and Engineering','',2),('S085','d6d6cc2afe5b0d2bcbf080dfafd5f2fbc2dc42834df3383539383f9581b451a7','S085','Arthur','Male','Energy Science and Engineering','',2),('S086','0c2fb7e45f4e61ad7d5afdee99ee6c70221d95dbd8dd9bd7e6ddf7d387ca5a00','S086','Byron Montgomery','Male','Aerospace Engineering','',2),('S087','dbc9e8e46c7ba963b9c1f78ff862cc850e4e50670321a65c4c2b3a91336a7b01','S087','Sara Habakkuk','Male','Computer Science and Technology','',2),('S088','1cc77b9ac2635809623a3dfaf618d3a8fd271032d8ad0b4a09d845d1a898fd78','S088','Cora Godwin','Female','Environmental Science and Engineering','',2),('S089','1d62fb04afb83279b35e3261e841d4dd103f2c9bcd12f7eac79cbba4642d96e1','S089','Chester Dillon','Female','Computer Science and Technology','',2),('S090','f5dcbb20f86cc6a45d96fa1d941e42019abad1cb6d98452a9b9498ae65c530a7','S090','Hulda Thoreau','Female','Materials Science and Engineering','',2),('S091','1ef20782d900b6a15a7c9db44be9570e4a4756de95cc4ca6467461277c6f88c7','S091','Liz Roosevelt','Female','Mechanical and Electrical Engineering','',2),('S092','c5796bdddfc29545d39f8fbb30a2f908d148e1d4923088390f5c68e8f1c69d18','S092','Edwiin Bernard','Male','Aerospace Engineering','',2),('S093','078e5ed9f7d7d9a681d458b68f09cd43118589d140897cfe4a3668612b102032','S093','Darcy Hamilton','Male','Chemical Engineering and Chemistry','',2),('S094','da285c4443841ae9622dfbbc1affdc2dabb879fa9784e9d0ebdfec25b51f1499','S094','Charlotte Eugene','Female','Environmental Science and Engineering','',2),('S095','f453745dc65f91bec36f34643c8a45e6e4ab73d37828e99de4f5fdc2560d4ab3','S095','Perry Maltz','Female','Energy Science and Engineering','',2),('S096','b0ffef2a6aa08ea6557124fd9d0228694ee3d5bfd936c8a6ee1ad52437cca3f4','S096','Kama Pigou','Male','Environmental Science and Engineering','',2),('S097','79ecb8d07dd0f36b09580982f1d8ed317c002c650dbfbb7ffca4f7d7ceb05c7f','S097','Christine Julius','Female','Electrical Engineering and Automation','',2),('S098','7cc75386d33680023e01972cf93ba2718ce07fbc4f7c98ad3307f2458c02925e','S098','Coral Paul','Male','Computer Science and Technology','',2),('S099','98b1e316c8035d7f86dd23e9204cfb86650e64293bd5115a50eba3861a3edbf1','S099','Andre Toby','Male','Materials Science and Engineering','',2),('S100','00d9966b8c24807fc5635633b2df7ef49753fc18930bf56779f250279228b940','S100','Megan Marcellus','Male','Chemical Engineering and Chemistry','',2),('S101','c8a869870d10ac25bdf58cb9aa0e9793bc9b58a2a63af4ca40ae4aa6879f60d1','S101','Meroy Belle','Female','Environmental Science and Engineering','',2),('S102','df808b0b9e9cb6bdd6c0be689d2174f1a55a467ca409b6b98b9a0a64b8540e58','S102','Delia Crane','Female','Aerospace Engineering','',2),('S103','c11224780036c8591cbc3e92b2e2a45f6c4c2358c09100fd0091ae58ffa1c52b','S103','Claire Sawyer','Female','Energy Science and Engineering','',2),('S104','fe50a5e2ce56f093c1aa21388539b8fac9380e60ca35f26fd2ef0af1f9aff041','S104','Burnell Ben','Male','Chemical Engineering and Chemistry','',2),('S105','e821734ff718d3fe68f4f72d8d51e713ddf90028af0f27e6c4f3475e92392817','S105','Lawrence Melville','Male','Aerospace Engineering','',2),('S106','4c54d8ec107164d532b6bf2654ec247baec98ecbf369f886f038853104c40176','S106','Esther Guy','Male','Mechanical and Electrical Engineering','',2),('S107','fb6745910d7b3d10b0d1e62c6cf1bbdfbcac9474a6b2aa2558cc13d3a336f1d6','S107','Jenny Bowen','Female','Electronic Information Engineering','',2),('S108','15f409ae3b9ce4abf59fd6b423b92e62dc1e474ce4b08ae65d06344a5b4cb588','S108','Nelson Oscar','Female','Energy Science and Engineering','',2);

/*!40101 SET SQL_MODE=@OLD_SQL_MODE */;
/*!40014 SET FOREIGN_KEY_CHECKS=@OLD_FOREIGN_KEY_CHECKS */;
/*!40014 SET UNIQUE_CHECKS=@OLD_UNIQUE_CHECKS */;
/*!40111 SET SQL_NOTES=@OLD_SQL_NOTES */;
